YEAR,ID,ARCHITECTURE,TECHNOLOGY,VENUE,ENOB,FS_HZ,P_W,P_W_PRED,AREA_MM2,AREA_UM2_PRED,FOMW_DERIVED_FJ,FOMA_DERIVED_UM2
1997,8.1,SAR,1,ISSCC,9.1,200000.0,0.011999999999999999,2.194992051274328e-06,2.155,21949920.51274328,109339.80369571963,0.7854242565475861
1997,8.2,Folding,1.00 BiCMOS,ISSCC,10.338870431893689,50000000.0,0.3,0.0012951203316912106,7.0,207219.2530705937,4632.774154788383,270.2451590293224
1997,8.3,Folding,0.5,ISSCC,8.6,50000000.0,0.17,0.00038802344102666184,1.0,62083.75056426589,8762.357219976253,128.8581944114155
1997,8.4,Two-step,Bipolar,ISSCC,9.408637873754154,128000000.0,5.7,0.0017398915689887562,,42477.82150851456,65521.32445026906,
1997,8.8,Pipe,1.4,ISSCC,13.81063122923588,5000000.0,0.13,0.001436859352209668,27.28,22989749.635354687,1809.5020894018621,9.492926345938999
1998,9.1,Pipe,0.7,ISSCC,10.571428571428573,20000000.0,0.25,0.0006086632608304946,9.0,608663.2608304947,8214.722855422087,118.29200911807806
1998,9.2,"Pipe, TI",1,ISSCC,8.843853820598008,40000000.0,0.565,0.0003675828699583183,22.0,91895.71748957956,30741.367249462288,1915.2143843912788
1998,9.3,"Pipe, TI",1,ISSCC,9.3421926910299,40000000.0,0.65,0.0005192424761036671,42.0,129810.61902591678,25036.472550455488,2588.386085216321
1998,9.4,Pipe,0.5,ISSCC,10.837209302325581,10000000.0,0.265,0.0003658938121658401,14.5,1463575.2486633605,14485.07688235458,79.25796784684582
1998,9.5,"Pipe, TI",0.5,ISSCC,6.900332225913622,75000000.0,0.07,0.00017918359228282236,5.5,12741.944340111813,7813.215385202501,3453.1621568528913
1998,9.6,Flash,0.35 BiCMOS,ISSCC,4.857142857142858,350000000.0,0.225,0.00020288210079511516,0.75,662.4721658616005,22180.369694339974,9056.98429185549
1998,9.7,Folding,0.50 BiCMOS,ISSCC,4.558139534883721,400000000.0,0.2,0.00018846326530597873,0.6,471.1581632649468,21224.295320925365,10187.661754044177
1999,18.1,Algorithmic,1.5,ISSCC,11.501661129568106,125000.0,0.016,7.249115320106593e-06,5.94,185577352.19472876,44143.31761455475,0.2560657291313039
1999,18.2,Two-Step,0.35,ISSCC,7.8,25000000.0,0.195,0.00011143047210190387,0.8,71315.50214521847,34999.40300381591,89.74205898414338
1999,18.3,Folding,0.60 BiCMOS,ISSCC,8.7,40000000.0,0.065,0.0003326985815475139,0.8,83174.64538687847,3907.4407650107223,76.94652583405731
1999,18.4,Two-Step,0.5,ISSCC,9.458471760797345,20000000.0,0.075,0.00028141270742396596,1.6,281412.70742396597,5330.249702406492,45.484797460535404
1999,18.5,Flash,0.4,ISSCC,5.5,500000000.0,0.4,0.00045254833995939044,2.4,724.0773439350247,17677.66952966369,26516.50429449553
1999,18.6,Flash,0.6,ISSCC,4.275747508305648,500000000.0,0.33,0.0001936993903785117,5.25,309.9190246056187,34073.41647850731,135519.27008497226
2000,2.1,Folding,Bipolar,ISSCC,12.16611295681063,100000000.0,1.25,0.009191680633354666,261.0,367667.22533418663,2719.8508082711537,5679.048487670169
2000,2.2,Folding,0.5,ISSCC,10.67109634551495,40000000.0,0.8,0.0013043978479346308,8.7,326099.4619836577,12266.196257019456,213.43181487213852
2000,2.3,Pipe,0.5,ISSCC,11.335548172757475,65000000.0,0.43,0.0033595674868364786,10.0,318065.560883927,2559.8533244820005,251.52047199852214
2000,2.4,Folding,0.6,ISSCC,10.338870431893689,50000000.0,0.85,0.0012951203316912106,16.0,207219.2530705937,13126.193438567088,617.7032206384513
2000,2.5,Pipe,0.5,ISSCC,7.0664451827242525,80000000.0,0.25,0.0002144529108074137,10.3,13403.306925463354,23315.141683901777,6147.73655921122
2000,2.7,Pipe,0.5,ISSCC,11.85049833887043,20000000.0,0.72,0.0014771188994642196,10.8,1477118.8994642193,9748.70743663436,58.49224461980617
2001,8.1,Flash,0.35,ISSCC,5.5215946843853825,1300000000.0,0.545,0.0011943702352934411,0.8,282.6911799511103,9126.148390094479,22639.54609799584
2001,8.2,Flash,0.35,ISSCC,5.65,1100000000.0,0.3,0.0011046944098386253,0.35,365.1882346573967,5431.366309599128,7667.278773717436
2001,8.3,Pipe,0.18,ISSCC,9.196013289036545,100000000.0,0.18,0.0011730211324820483,2.5,46920.84529928194,3068.998418112551,426.2497802934099
2001,8.4,Two-Step,0.25,ISSCC,10.837209302325581,54000000.0,0.295,0.0019758265856955367,1.0,271032.4534561779,2986.0920197726073,29.516760439514993
2001,8.5,Pipe,0.35,ISSCC,11.800664451827242,75000000.0,0.318,0.005351126623896114,7.8,380524.55992150144,1188.5347604369215,163.98415916405636
2001,8.6,Pipe,0.60 BiCMOS,ISSCC,12.0,40000000.0,0.86,0.0032768,31.35,819200.0,5249.0234375,306.15234375
2002,10.1,"Pipe, TI",0.35,ISSCC,6.2,4000000000.0,4.6,0.005881335577584819,28.8456,147.0333894396205,15642.70543422723,1569472.0830384174
2002,10.2,Flash,0.18,ISSCC,5.0,1320000000.0,0.34,0.0008448,0.12,193.93939393939394,8049.242424242424,4950.0
2002,10.3,Folding,0.18,ISSCC,5.687707641196014,450000000.0,0.05,0.0004638879762959072,0.3,916.3219284857427,2155.6928635764316,2619.166829245364
2002,10.4,"Pipe, TI",0.35,ISSCC,9.142857142857144,120000000.0,0.234,0.001356705194402382,12.5,37686.25540006616,3449.53348694261,2653.4872976481615
2002,10.5,Pipe,0.3,ISSCC,8.677740863787376,30000000.0,0.016,0.0002457036142910082,3.12,109201.6063515592,1302.382144126688,228.56806629423374
2002,10.6,SAR,0.13,ISSCC,8.843853820598008,20000000.0,0.012,0.00018379143497915915,0.08,183791.43497915912,1305.82798935769,3.482207971620507
2002,18.2,Flash,0.13,ISSCC,5.18936877076412,22000000.0,0.00046,1.6054926993740865e-05,0.3,13268.534705570964,573.0328143869286,180.87905358474356
2002,18.4,Pipe,0.6,ISSCC,11.03654485049834,21000000.0,0.03,0.0008822269876789572,2.56,800205.8845160608,680.0970820202796,25.59341339058717
2002,18.5,Pipe,0.35 BiCMOS,ISSCC,11.335548172757475,50000000.0,0.715,0.0025842826821819067,6.0,413485.229149105,5533.450383967487,116.08637169162563
2003,18.1,"Pipe, TI",0.18,ISSCC,4.6,20000000000.0,10.0,0.009700586025666546,196.0,9.700586025666546,20617.311105826477,161639719.0696796
2003,18.3,"Flash, TI",0.18,ISSCC,4.691029900332226,2000000000.0,0.31,0.0010332387893600835,0.5,103.32387893600834,6000.54901523766,38713.219453146194
2003,18.4,Pipe,0.18,ISSCC,9.38,80000000.0,0.069,0.0010660592479780325,1.85,66628.70299862704,1294.48715220792,222.1264910455329
2003,18.5,Pipe,0.18,ISSCC,8.345514950166114,150000000.0,0.123,0.000975824199471531,2.2,17347.985768382776,2520.9458848553268,1014.5270024417779
2003,18.6,Pipe,0.35,ISSCC,10.837209302325581,75000000.0,0.29,0.002744203591243801,7.9,195143.36648844808,2113.5458092492213,323.86445482245614
2003,18.7,Pipe,0.35 BiCMOS,ISSCC,11.8,70000000.0,1.0,0.004992085150165297,25.0,407517.1551155344,4006.3419189349697,490.7768850695338
2004,14.1,"Folding, TI",0.18,ISSCC,7.3156146179401995,1600000000.0,1.2690000000000001,0.005097642970769215,8.0,796.5067141826898,4978.771590229721,80350.86065240715
2004,14.2,Folding,0.18,ISSCC,7.5,600000000.0,0.2,0.0021722320318050743,0.2,2413.5911464500823,1841.4239093399676,662.9126073623883
2004,14.3,Pipe,0.13,ISSCC,8.179401993355482,220000000.0,0.135,0.0012755515742309631,1.3,10541.748547363331,2116.731345518385,986.55360192605
2004,14.4,"Pipe, TI",0.18,ISSCC,7.249169435215947,150000000.0,0.071,0.00045639270957093203,1.8,8113.648170149903,3111.3555721233647,1774.7873333943137
2004,14.5,Two-Step,0.13,ISSCC,7.6,125000000.0,0.021,0.00048502930128332733,0.09,12416.750112853179,865.9270664447121,57.986187485136966
2004,14.6,Flash,0.12 SiGe,ISSCC,3.0299003322259135,40000000000.0,3.8,0.006534026189415307,3.96,1.6335065473538268,11631.419556155895,19393861.65994836
2004,14.7,"SAR, TI",0.09,ISSCC,4.857142857142858,600000000.0,0.01,0.0003477978870773403,,386.4420967526003,575.0466217051104,
2004,25.1,Pipe,0.18,ISSCC,11.667774086378737,40000000.0,0.394,0.002602795035030406,20.0,650698.7587576014,3027.5146117711674,245.88951161593238
2004,25.2,Pipe,0.18,ISSCC,12.0,20000000.0,0.233,0.0016384,11.22,1638400.0,2844.23828125,54.78515625
2004,25.3,Pipe,0.25,ISSCC,12.16611295681063,50000000.0,0.78,0.004595840316677333,5.55,735334.4506683733,3394.3738087223996,60.38068794361962
2004,25.4,Pipe,0.18,ISSCC,11.933554817275747,10000000.0,0.112,0.0007823263362028471,15.0,3129305.3448113883,2863.255263618272,38.34716870917329
2004,25.5,Pipe,0.25,ISSCC,11.767441860465116,80000000.0,0.755,0.005577928652496894,19.6,348620.54078105587,2707.09808976145,449.7726945426176
2004,25.6,Pipe,0.13,ISSCC,9.0,80000000.0,0.033,0.0008192,0.3,51200.0,805.6640625,46.875
2004,25.7,Pipe,0.18,ISSCC,9.840531561461795,30000000.0,0.35,0.0005501060529986886,15.96,244491.57911052828,12724.819081415717,522.2265751013011
2005,15.2,Pipe,0.09,ISSCC,8.445182724252494,12000000.0,0.0033,8.364973328710093e-05,0.3,232360.37024194704,789.0043088777836,10.328783679854622
2005,15.3,"Pipe, Scalable",0.18,ISSCC,8.843853820598008,50000000.0,0.035,0.00045947858744789787,1.2,73516.57399166365,1523.4659875839718,130.582798935769
2005,15.4,Pipe,0.18,ISSCC,8.627906976744187,125000000.0,0.04,0.0009890057315832992,0.66,25318.546728532463,808.8931888385317,208.54277524743398
2005,15.5,Pipe,0.18,ISSCC,7.5647840531561465,200000000.0,0.03,0.0007573330364109952,0.15,7573.330364109953,792.253831740132,158.45076634802643
2006,12.1,Pipe,0.09,ISSCC,9.3,64000000.0,0.022,0.0008068428027297248,0.3,78793.24245407469,545.3354711864372,30.459464863358814
2006,12.2,Pipe,0.18,ISSCC,8.777408637873755,50000000.0,0.018,0.0004387966307150555,1.43,70207.46091440888,820.425624994773,162.94564496423965
2006,12.3,"Two-Step, Subranging",0.09,ISSCC,10.1,40000000.0,0.03,0.0008779968205097312,4.6728,219499.2051274328,683.3737730982477,170.30767823645292
2006,12.4,"Pipe, CBSC",0.18,ISSCC,8.677740863787376,8000000.0,0.0025,6.552096381093552e-05,1.2,409506.02381834696,763.1145375742313,23.442878594280387
2006,12.5,SAR,0.18,ISSCC,10.50498338870432,100000.0,2.5e-05,2.906331169597161e-06,0.63,116253246.78388643,172.03820584193912,0.043353627872168655
2006,12.6,Pipe,0.13,ISSCC,10.67109634551495,100000000.0,0.224,0.0032609946198365767,1.02,130439.78479346307,1373.813980786179,62.55760091079922
2006,12.7,Pipe,0.13,ISSCC,9.209302325581397,50000000.0,0.015,0.0005919380249982278,0.2,94710.08399971646,506.8098134106152,16.89366044702051
2006,12.8,Pipe,0.18,ISSCC,10.837209302325581,40000000.0,0.268,0.0014635752486633605,3.6,365893.8121658401,3662.264721199083,78.71136117203999
2006,31.1,Flash,0.09,ISSCC,3.6611295681063125,1250000000.0,0.0025199999999999997,0.00031626404896688726,0.033,80.96359653552315,159.36050956356678,3260.724712052148
2006,31.2,Two-Step,0.09,ISSCC,5.322259136212625,1000000000.0,0.055,0.0008001835893514377,0.13,320.07343574057506,1374.6845281987955,3249.254339378972
2006,31.3,Flash,0.18,ISSCC,3.362126245847176,4000000000.0,0.089,0.0008226040364037327,0.88,20.565100910093317,2163.860036211126,342327.5203354232
2006,31.4,Flash,0.13 BiCMOS,ISSCC,3.0299003322259135,22000000000.0,3.0,0.003593714404178419,2.4,2.9700119042796853,16695.81754472138,6464620.553316119
2006,31.5,"SAR, TI",0.13,ISSCC,5.18936877076412,600000000.0,0.0053,0.00043786164528384177,0.12,486.51293920426866,242.08560201998506,1973.2260391062935
2006,31.6,"Pipe, TI",0.13,ISSCC,8.345514950166114,1000000000.0,0.25,0.006505494663143541,3.5,2602.197865257416,768.5810624558924,10760.134874382493
2007,13.5,SAR,0.09,ISSCC,7.400000000000001,20000000.0,0.00029,6.755880503157224e-05,0.08,67558.80503157224,85.85113365000296,9.47322854068998
2007,25.1,Pipe,0.09,ISSCC,8.245847176079735,80000000.0,0.0065,0.0004856991263828285,0.6372,30356.19539892678,267.65541245288114,167.9261822178224
2007,25.2,Two-Step,0.09,ISSCC,9.1,160000000.0,0.084,0.0017559936410194623,0.42,27437.4006409291,956.7232823375468,122.460580139206
2007,25.3,Pipe,0.09,ISSCC,9.17607973421927,30000000.0,0.0047,0.00034707752591014486,0.32,154256.67818228662,270.83286292739024,16.595715855976252
2007,25.4,Pipe,0.09,ISSCC,8.843853820598008,205000000.0,0.061,0.0018838622085363811,1.0,17930.87170528382,647.6057508196674,446.15789636387746
2007,25.5,"Pipe, ZCBC",0.18,ISSCC,6.4,200000000.0,0.0085,0.000337794025157861,0.05,3377.94025157861,503.2652662241555,118.41535675862482
2007,25.6,Pipe,0.13,ISSCC,8.677740863787376,205000000.0,0.0925,0.0016789746976552226,0.52,15980.72288071598,1101.862942058402,260.31363105732174
2007,25.7,"Pipe, TI",0.09,ISSCC,8.677740863787376,800000000.0,0.35,0.006552096381093551,1.4,4095.0602381834697,1068.3603526039237,2735.002502666045
2008,12.1,SAR,0.09,ISSCC,8.561461794019934,40000000.0,0.00082,0.00030223641815358554,0.0902,75559.1045383964,54.26215708944154,9.55013964774171
2008,12.2,"SAR, TI",0.065,ISSCC,4.425249169435216,250000000.0,0.0012,0.00010742435199741366,3.0,687.5158527834474,223.41303022779994,34908.28597309374
2008,12.3,Two-Step,0.09,ISSCC,6.352159468438539,150000000.0,0.0001335,0.00024508221230449867,0.0625,4357.017107635533,10.894303486548829,114.7574103217924
2008,12.4,SAR,0.065,ISSCC,8.74418604651163,1000000.0,1.9e-06,8.576148320411585e-06,0.0275,3430459.3281646343,4.430893517729682,0.06413135354608751
2008,12.5,SAR,0.18,ISSCC,9.3421926910299,100000.0,3.6e-06,1.2981061902591676e-06,0.24,51924247.61036671,55.46541611177831,0.036976944074518875
2008,12.6,Pipe,0.18,ISSCC,11.700996677740864,100000000.0,0.23,0.0066585700779858165,7.28,266342.80311943265,690.8390159034681,218.66556677292382
2008,12.7,Pipe,0.065,ISSCC,9.508305647840533,100000000.0,0.0045,0.0014565158116507586,0.07,58260.632466030336,61.791296242776454,9.611979415543004
2008,12.8,Folding,0.09,ISSCC,4.28405315614618,1750000000.0,0.0022,0.0006818620932196712,0.0165,89.05953870624278,64.52917743562669,1482.1545442245508
2008,30.1,Pipe,0.18,ISSCC,10.45514950166113,20000000.0,0.0087,0.000561530823465656,2.3,561530.8234656559,309.86722852737944,32.7675689936999
2008,30.2,"SAR, TI",0.13,ISSCC,5.023255813953488,1250000000.0,0.032,0.0008130002601548415,0.09,208.12806659963945,787.2076201772771,3459.4084871071746
2008,30.3,"SAR, TI",0.09,ISSCC,3.5000000000000004,24000000000.0,1.2,0.005430580079512687,16.0,3.7712361663282548,4419.417382415921,33941125.49695427
2008,30.4,Pipe,0.065,ISSCC,9.657807308970101,200000000.0,0.18,0.0032310946758235624,1.1,32310.946758235623,1114.1734802563187,272.353517395989
2008,30.7,Two-Step,0.09,ISSCC,6.086378737541529,300000000.0,0.034,0.00040769352624415414,0.29,1811.9712277517963,1667.9195430559048,1280.3735315811502
2008,30.8,Flash,0.18,ISSCC,5.023255813953488,400000.0,1.66e-06,2.601600832495493e-07,2.0,650400.2081238732,127.61373530217577,24.60023813053991
2009,4.2,"SAR, TI",0.045,ISSCC,5.355481727574752,2200000000.0,0.05,0.0018014131044713263,1.0,148.87711607201044,555.1197543294642,53735.592219092134
2009,4.3,"Folding, TI",0.18,ISSCC,9.093023255813954,995540000.0,1.2,0.010873302269450656,17.5,4388.377947210606,2207.24113109867,31902.448167434733
2009,4.4,Binary Search,0.065,ISSCC,4.192691029900332,800000000.0,0.00197,0.0002925807475499441,0.18,182.86296721871508,134.66367944553267,7874.749173667698
2009,4.5,"SAR, TI",0.13,ISSCC,6.850498338870433,600000000.0,0.03,0.0013847989682477082,1.1,1538.6655202752315,433.27588607263755,5719.241696158814
2009,4.6,Pipe,0.09,ISSCC,8.511627906976745,500000000.0,0.055,0.0036496844058599015,0.49,5839.4950493758415,301.3959229553793,671.2909193097084
2009,4.7,Pipe,0.18,ISSCC,12.498338870431894,125000000.0,0.385,0.014464882315937297,10.0,370300.9872879948,532.3237225038602,216.0404717953978
2009,9.1,Pipe,0.09,ISSCC,11.136212624584717,100000000.0,0.13,0.004501570268325931,4.0,180062.81073303721,577.5762334077488,177.71576412546116
2009,9.2,Pipe,0.18,ISSCC,9.375415282392028,50000000.0,0.0099,0.0006641730078762722,1.4,106267.68126020355,298.11509599451404,105.39422585664637
2009,9.3,"Pipe, ZCBC",0.09,ISSCC,10.006644518272426,50000000.0,0.0045,0.0010287270413491256,0.3,164596.32661586007,87.48676410991332,14.581127351652222
2009,9.4,"Two-Step, TDC",0.09,ISSCC,7.913621262458473,600000.0,1.4e-05,2.8934675781276676e-06,0.06,3214963.9756974084,96.7697036305432,0.14930182845855236
2009,21.7,"Flash, TI",0.065,ISSCC,4.956810631229236,10300000000.0,0.39,0.006397582620162755,,24.121340824442473,1219.2105148306107,
2010,16.1,Pipe,0.18 BiCMOS,ISSCC,12.581395348837209,250000000.0,0.85,0.030644136744678304,50.0,196122.47516594114,554.7553889881476,2039.5418712799544
2010,16.2,Pipe,0.18 BiCMOS,ISSCC,12.199335548172758,160000000.0,1.62,0.015049286339138481,4.0,235145.09904903875,2152.9260105668764,136.0861873345976
2010,16.3,"Pipe, Folding, TI",0.04,ISSCC,4.8737541528239205,2200000000.0,0.0026,0.0012900272016586425,0.03,106.61381831889605,40.30922753655226,2251.1153224259187
2010,16.5,Pipe,0.09,ISSCC,8.661129568106313,100000000.0,0.0045000000000000005,0.0008096359653552319,0.0572,32385.438614209274,111.16106972905045,14.129807085559301
2010,16.6,"Pipe, ZCBC",0.18,ISSCC,11.252491694352159,10000000.0,0.0084,0.00048794123561490387,1.11,1951764.9424596154,344.3037557346148,4.549728200778839
2010,21.1,"Pipe, SAR",0.25,ISSCC,12.996677740863788,12500000.0,0.105,0.002043289261854644,4.5,5230820.510347889,1027.7546303423924,6.882285471042808
2010,21.2,SAR,0.13,ISSCC,10.852159468438538,45000000.0,0.00302,0.0016636732249796355,0.059,328626.80987252056,36.3052065111761,1.4362796516300544
2010,21.3,"Pipe, SAR",0.065,ISSCC,8.428571428571429,40000000.0,0.00121,0.0002756403594511066,0.0585,68910.08986277664,87.7955610281107,6.791458274571209
2010,21.4,SAR,0.065,ISSCC,9.109634551495018,50000000.0,0.00082,0.0005524249048332371,0.039,88387.98477331792,29.687292981388556,3.5298915435187617
2010,21.5,SAR,0.065,ISSCC,9.00996677740864,100000000.0,0.00113,0.0010310987386928712,0.0256,41243.94954771485,21.918366449221075,4.965576823894333
2010,21.6,SAR,0.09,ISSCC,7.747508305647841,10240000.0,6.9e-05,4.4011112225301876e-05,0.07,167889.06946297406,31.355717459161177,3.3355357903362575
2010,21.7,"SAR, TI",0.065,ISSCC,3.9,40000000000.0,1.5,0.011942822291671136,16.0,2.9857055729177837,2511.9690528194374,42870938.50145172
2011,10.1,"SAR, TI",0.065,ISSCC,7.764119601328905,2600000000.0,0.48,0.011304106319236552,5.1,668.8820307240563,849.2489126418935,60997.303150504005
2011,10.2,"Pipe, TI",0.18 BiCMOS,ISSCC,9.508305647840533,1000000000.0,0.575,0.014565158116507586,2.35,5826.063246603034,789.5554519910322,3226.878803789437
2011,10.3,"Pipe, TI",0.04,ISSCC,9.508305647840533,800000000.0,0.105,0.011652126493206068,0.88,7282.579058253792,180.2246140414313,966.6905012203249
2011,10.4,Pipe,0.18,ISSCC,12.16611295681063,80000000.0,0.1,0.0073533445066837335,9.9,459584.03166773333,271.9850808271154,172.3297472120603
2011,10.5,SAR,0.065,ISSCC,6.418604651162791,400000000.0,0.004,0.0006843566903101598,0.024,1710.8917257753994,116.89810464736291,112.22218046146841
2011,10.6,SAR,0.065,ISSCC,8.843853820598008,20000.0,2.06e-07,1.8379143497915915e-07,0.212,183791434.97915912,22.416713817307013,0.009227851124794344
2012,19.3,"Flash, TI",0.04,ISSCC,4.0,25000000000.0,0.5,0.008,,5.12,1250.0,
2012,27.1,Pipe,0.18,ISSCC,12.465116279069766,20000000.0,0.0051,0.0022616942336429915,1.98,2261694.2336429916,45.098934454859965,7.003599232990017
2012,27.3,Pipe,0.065,ISSCC,9.17607973421927,200000000.0,0.00537,0.0023138501727342988,0.19,23138.50172734299,46.416142784683586,65.69137526323934
2012,27.5,Pipe,0.04,ISSCC,9.00996677740864,250000000.0,0.0017,0.0025777468467321784,0.066,16497.579819085942,13.189813438469319,32.00469437275643
2012,27.7,SAR,0.04,ISSCC,8.710963455149503,80000000.0,0.005995,0.0006704729696200458,0.079625,41904.560601252866,178.82898406470707,15.201209387718885
2012,27.8,SAR,0.09,ISSCC,9.4,4000000.0,1.744e-05,5.404704402525776e-05,0.047,1351176.100631444,6.453636943345051,0.27827608838276835
2012,27.9,Pipe,0.13,ISSCC,11.401993355481729,30000000.0,0.00254,0.0016236531549114275,0.24,721623.6244050788,31.287470385121274,2.6606667729079505
2013,2.4,"Flash, TI",0.04,ISSCC,4.558139534883721,10000000000.0,0.139,0.004711581632649468,,18.84632653059787,590.0354099217252,
2013,15.2,SAR,0.065,ISSCC,10.1,40000.0,9.7e-08,8.779968205097311e-07,0.076,219499205.12743276,2.209575199684334,0.002769941693624898
2013,15.3,SAR,0.09,ISSCC,11.186046511627906,50000000.0,0.0042,0.002329890619756457,0.097,372782.4991610331,36.053194638287565,2.0816427856630324
2013,15.7,SAR,0.09,ISSCC,8.727574750830565,500000.0,5e-07,4.238984117792961e-06,0.042,6782374.588468738,2.359055783678314,0.04954017145724459
2013,15.8,Pipe,0.18,ISSCC,11.883720930232558,60000000.0,0.068,0.0045345866608285865,1.4300000000000002,503842.9623142874,299.9170821341174,22.705487335682886
2013,16.3,SAR,0.18,ISSCC,8.27,200000.0,2.43e-06,1.2347472155553384e-06,,12347472.155553382,39.360283131427614,
2013,26.1,"Flash, TI",0.04,ISSCC,5.1,10000000000.0,0.24,0.006859350160232275,0.27,27.4374006409291,699.7747436526057,78724.65866091814
2013,26.2,"SAR, TI",0.065,ISSCC,8.013289036544851,3600000000.0,0.795,0.018602566270363927,7.4,574.1532799495039,854.7207825476514,103108.35462823893
2013,26.3,"Pipe, TI",0.13 BiCMOS,ISSCC,9.840531561461795,2500000000.0,23.9,0.045842171083224054,103.60000000000001,2933.8989493263393,10427.08032157151,282490.983607429
2013,26.4,SAR,0.032,ISSCC,6.235880398671097,1200000000.0,0.00306,0.0018088322440142242,0.0015,502.4534011150623,33.833983335117246,23.882811765965116
2013,26.5,"SAR, TI",0.045,ISSCC,8.21262458471761,900000000.0,0.0108,0.005339724472913858,0.038,2636.9009742784483,40.45152537283071,115.28684731256752
2013,26.6,"SAR, TI",0.065,ISSCC,11.551495016611295,80000000.0,0.0311,0.004802490090624899,0.55,300155.63066405617,129.51614438814292,14.659062001487559
2014,11.2,SAR,0.04,ISSCC,8.948504983388705,200000.0,8.4e-08,1.976188681982317e-06,0.065,19761886.81982317,0.8501212537634768,0.026313276902202854
2014,11.3,SAR,0.18,ISSCC,9.55,4000.0,3.1e-08,5.996895010593284e-08,0.12,1499223752.6483212,10.33868358383453,0.0006403313703536226
2014,11.4,"Pipe, SAR, TI",0.028,ISSCC,10.67109634551495,80000000.0,0.0015,0.0026087956958692616,0.1369,163049.73099182884,11.499558990955741,6.716969070343854
2014,11.5,Pipe,0.065,ISSCC,9.059800664451828,100000000.0,0.00246,0.0010673374560991285,0.1,42693.498243965136,46.09601182723842,18.73821618993432
2014,11.6,Pipe,0.13,ISSCC,11.85049833887043,48000000.0,0.0216,0.003545085358714127,0.9625000000000001,615466.2081100914,121.85884295792954,12.510841210347433
2014,22.1,"SAR, TI",0.032,ISSCC,5.18936877076412,90000000000.0,0.667,0.06567924679257627,0.45,3.2434195946951245,203.10829754381137,1109939.64699729
2014,22.2,"Flash, TI",0.032,ISSCC,4.807308970099668,20000000000.0,0.0695,0.011199643269216283,0.25,11.199643269216283,124.11109591504588,178577.11642452644
2014,22.3,"SAR, TI",0.028,ISSCC,5.313953488372094,10000000000.0,0.032,0.007955901383333705,0.009,31.82360553333482,80.44343050062109,2262.471482829968
2014,22.4,"SAR, TI",0.065,ISSCC,8.245847176079735,1000000000.0,0.0189,0.006071239079785356,0.78,2428.4956319141425,62.26076671211634,2569.491959547659
2014,22.5,"SAR, TI",0.04,ISSCC,7.681063122923589,1620000000.0,0.093,0.0066492920554496165,0.83,1013.4571034064344,279.7290274647485,6551.83132831337
2014,22.6,Folding Flash,0.04,ISSCC,5.920265780730897,2200000000.0,0.0274,0.0026645891723434106,0.052,220.21398118540583,205.66022172868534,1889.0717009005668
2014,29.3,Pipe,0.065,ISSCC,11.003322259136212,1000000000.0,1.2,0.04105443197203446,18.0,16421.772788813785,584.5897470058376,8768.846205087564
2015,3.6,"SAR, TI",0.065,ISSCC,4.74,10000000000.0,0.079,0.005344562684341564,0.38,21.37825073736626,295.627555202798,142200.59617349776
2015,15.4,SAR,0.065,ISSCC,9.1,80000.0,1.06e-07,8.779968205097311e-07,0.26,54874801.28185819,2.414587331613809,0.03790446528118281
2015,15.6,Pipe,0.065,ISSCC,10.621262458471762,250000000.0,0.0497,0.007875689689759777,0.53,50404.41401446257,126.21116869198524,84.11961696020143
2015,15.7,SAR,0.04,ISSCC,12.066445182724253,35000000.0,0.0545,0.003002340751303793,0.236,980356.1636910344,363.0500633636131,1.9258307030902857
2015,15.8,Pipe,0.18,ISSCC,10.338870431893689,500000000.0,0.55,0.012951203316912106,2.5,20721.92530705937,849.3419283778704,965.1612822475801
2015,21.2,SAR,0.065,ISSCC,9.225913621262459,100000.0,8.8e-08,1.197586062558642e-06,,47903442.502345674,1.4696229816166706,
2015,26.1,"Pipe, SAR",0.065,ISSCC,11.485049833887045,50000000.0,0.001,0.0028664508646004216,0.05,458632.1383360675,6.9772694334280745,0.8721586791785093
2015,26.2,SAR,0.04,ISSCC,10.355481727574752,6400000.0,4.6e-05,0.00016769518354351257,0.0675,1637648.2767921148,5.486144447084157,0.3297411340717017
2015,26.3,"Pipe, TI",0.028,ISSCC,9.2,800000000.0,0.0764,0.009410136924135707,0.23,5881.335577584816,162.37808358355448,312.85410868454477
2015,26.4,"SAR, TI",0.045,ISSCC,9.026578073089702,1600000000.0,0.0173,0.01668863193688665,0.28,2607.5987401385387,20.732676070064258,859.0278732382695
2015,26.5,"SAR, TI",0.065,ISSCC,4.817275747508306,5000000000.0,0.0055,0.002819320812670656,0.09,45.1091330027305,39.01648918620239,15961.29103071916
2015,26.7,"Pipe, SAR, TI",0.028,ISSCC,7.36544850498339,5000000000.0,0.15,0.016490010474833033,0.45,263.84016759732856,181.92832591456408,13644.624443592305
2015,26.7,"SAR, TI",0.045,ISSCC,8.21262458471761,1700000000.0,0.0154,0.010086146226615066,0.057,1396.0063981474138,30.53693582066632,326.646067385608
2016,3.2,"SAR, TI",0.028,ISSCC,5.8500000000000005,16000000000.0,0.32,0.01845760947426981,0.5933333333333334,28.840014803546577,346.74046002120144,164586.1383567303
2016,27.3,SAR,0.04,ISSCC,5.455149501661131,1000000000.0,0.00126,0.0008773919116650874,0.00058,350.956764666035,28.721486561434347,13.221001750501523
2016,27.4,"Single-slope, SAR",0.028,ISSCC,10.410299003322262,100000000.0,0.00035,0.002721712572758601,0.0047,108868.50291034403,2.5719100797278998,0.34537078213488936
2016,27.5,"Pipe, TI",0.065,ISSCC,8.926910299003323,4000000000.0,2.2,0.03893657579084875,12.0,973.4143947712188,1130.0428737326538,98621.92352575887
2016,27.6,"Pipe, TI",0.016,ISSCC,9.00996677740864,4000000000.0,0.3,0.041243949547714855,0.24,1031.0987386928714,145.47588351252926,1862.0913089603744
2016,27.7,"SAR, TI",0.04,ISSCC,8.11295681063123,2600000000.0,0.0184,0.01439616107308294,0.825,851.8438504782805,25.562370282732097,7747.898862325919
2016,27.8,"Pipe, SAR, TI",0.028,ISSCC,9.3421926910299,600000000.0,0.0265,0.007788637141555007,0.076,8654.041268394452,68.04784847046876,70.25619374158585
2017,16.1,"Pipe, SAR, TI",0.016,ISSCC,9.225913621262459,4000000000.0,0.513,0.04790344250234568,1.04,1197.586062558642,214.18084930947498,6947.308640369715
2017,16.4,SAR,0.028,ISSCC,6.36046511627907,2400000000.0,0.005,0.003943955660160884,0.0043,273.88580973339475,25.355254626752256,125.59978931907996
2017,16.5,"SAR, TI",0.028,ISSCC,7.84717607973422,8000000000.0,0.3,0.03684303205270744,0.184,230.2689503294215,162.85304617210747,6392.524905742458
2017,16.7,"Pipe, TI",0.028,ISSCC,8.843853820598008,10000000000.0,2.9,0.09189571748957957,7.4,367.58286995831827,631.1501948562169,161052.11868744844
2017,21.6,SAR,0.18,ISSCC,7.730897009966778,1000.0,2.7e-09,4.248756960314108e-09,,1699502784.1256433,12.709599655709143,
2017,28.4,"Pipe, SAR",0.065,ISSCC,10.255813953488373,330000000.0,0.00623,0.008069591781113081,0.08,29640.373851655026,15.440681930358226,21.59217030132919
2017,28.5,"Pipe, SAR",0.014,ISSCC,8.029900332225914,1500000000.0,0.00692,0.007840831427298372,0.0016,1393.9255870752659,17.651189326447103,9.182699649596758
2017,28.6,SAR,0.065,ISSCC,11.46843853820598,75000000.0,0.0249,0.004250453432768505,0.34,302254.4663302048,117.16397035683578,8.999039891865399
2017,28.7,"Pipe, SAR",0.028,ISSCC,9.857142857142858,160000000.0,0.0019,0.0029678753030599704,0.097,46373.05161031203,12.80377243640285,16.733856691618715
2017,29.2,"SAR, TI",0.02,ISSCC,5.949999999999999,64000000000.0,0.95,0.0791295040655233,,7.72749063139876,240.11271426985084,
2018,14.6,SAR,0.09,ISSCC,11.928571428571427,270000.0,6.38e-07,2.1049974072350063e-05,0.059,115500543.60685907,0.6061765186096233,0.004086560852965284
2018,14.7,"SAR, Pipe",0.18,ISSCC,16.568106312292358,1000000.0,0.0197,0.0019432423514693428,4.0,777296940.5877371,202.75391780242177,0.04116830818323285
2018,22.1,"SAR, TI",0.014,ISSCC,5.388704318936878,72000000000.0,0.235,0.060328722626978935,0.1475,4.654994029859486,77.90650614402642,253491.1951402909
2019,3.1,"Pipe, TI",0.016,ISSCC,9.956810631229237,3200000000.0,0.0613,0.06360315148588996,0.194,2484.4981049175763,19.275774413033325,624.6734489062884
2019,3.2,"Pipe, SAR",0.028,ISSCC,9.674750830564786,1000000000.0,0.0076,0.016346327516704433,0.0091,6538.531006681774,9.298724734633518,11.133999353311184
2019,3.3,"Pipe, SAR, TI",0.028,ISSCC,9.425249169435217,5000000000.0,0.1586,0.06875158527834477,1.8079999999999998,1100.0253644535164,46.13711796110554,13148.787716531968
2019,3.4,"Pipe, SAR",0.04,ISSCC,11.617940199335548,2000000.0,2.52e-05,0.00012572118884988646,0.01,12572118.884988645,4.008870776761312,0.006363286947240179
2019,3.5,"Pipe, SAR",0.065,ISSCC,11.501661129568106,20000000.0,8.2e-05,0.0011598584512170548,0.053,1159858.4512170549,1.4139656423412068,0.36556184899553146
2019,3.6,Pipe,0.016,ISSCC,9.70764119601329,600000000.0,0.006,0.01003396156632153,,11148.846184801703,11.959384058513214,
2019,3.7,"SAR, Pipe",0.18,ISSCC,14.325581395348838,15000000.0,0.0098,0.006159578012656308,16.0,10950360.911388993,31.82036165420288,11.689112444401058
2019,6.3,"SAR, TI",0.007,ISSCC,5.023255813953488,30000000000.0,0.0535,0.0195120062437162,,8.672002774984977,54.83803083266188,
2019,11.1,SAR,0.18,ISSCC,9.151162790697676,20000000.0,0.00123,0.0002274230536221447,0.028,227423.05362214468,108.16845349755977,0.9849485196525768
2019,20.1,"VCO, TI",0.028,ISSCC,7.215946843853822,5000000000.0,0.0227,0.01486676399215018,0.023,237.86822387440287,30.537916673710377,773.5375368891395
2020,16.1,"Pipe, TI",0.016,ISSCC,7.681063122923589,18000000000.0,1.3,0.07388102283832906,2.6,91.2111393065791,351.91716358468364,228042.322002875
2020,16.2,"TI, TDC",0.065,ISSCC,6.368770764119603,10000000000.0,0.0508,0.016528027667411353,0.095,66.1121106696454,61.47133949946539,11495.624512695296
2020,16.3,Pipe,0.028,ISSCC,5.382059800664452,3300000000.0,0.0055,0.0027523608642705936,0.0166,101.09681778771693,39.965689611398844,1313.5922861474571
2020,16.4,"Pipe, SAR",0.028,ISSCC,11.617940199335548,100000000.0,0.0007,0.0062860594424943225,0.018,251442.37769977291,2.2271504315340627,0.5726958252516161
2020,16.5,SAR,0.04,ISSCC,11.169435215946844,40000000.0,0.000591,0.0018425743519078425,0.005,460643.5879769607,6.414937876325755,0.08683503047479871
2020,16.7,"VCO, TDC",0.028,ISSCC,12.365448504983389,80000000.0,0.0175,0.00844288536311451,0.023000000000000003,527680.3351946567,41.45502218105304,0.3486959580029148
2020,26.8,SAR,0.35,ISSCC,8.7,25000.0,8.171908909260807e-07,2.079366134671962e-07,,133079432.61900556,78.59999999999997,
2021,8.6,"SAR, TI",0.007,ISSCC,5.538205980066446,100000000000.0,0.31134430406629754,0.09293859822874556,,3.7175439291498225,66.99999999999999,
2021,10.5,"Pipe, SDCT",0.007,ISSCC,8.893687707641197,600000000.0,0.013,0.005707527571379241,0.037,6341.69730153249,45.553875430017456,46.67520159444865
2021,13.4,SAR,0.04,ISSCC,5.255813953488372,900000000.0,0.0007,0.0006877492995266826,0.045,339.6292837168803,20.356254829535946,1059.979269337979
2021,27.2,SAR,0.18,ISSCC,14.102990033222591,6000.0,4.68e-07,2.11156412389072e-06,0.348,23461823598.785778,4.432733012508981,0.00011866085295024043
2021,27.4,"Pipe, SAR",0.04,ISSCC,12.282392026578073,40000000.0,0.000821,0.00398527601550431,0.056,996319.0038760775,4.120166316239996,0.4496551789708935
2022,6.1,"SAR, TI",0.005,ISSCC,4.5,112000000000.0,0.18911999999999998,0.05068541407545173,,1.6162440712835373,74.62501922879456,
2022,10.1,Time-based,0.014,ISSCC,6.485049833887044,5000000000.0,0.0074,0.008957658951876312,0.00285,143.322543230021,16.522174018357692,159.0817430821602
2022,10.2,"Pipe, SAR",0.028,ISSCC,11.750830564784053,130000000.0,0.00082,0.008960367495450589,0.013,212079.70403433347,1.8302820736232865,0.49038167265248306
2022,10.3,"Pipe, SAR",0.028,ISSCC,10.787375415282392,200000000.0,0.0013,0.00706941644489023,0.004,70694.1644489023,3.677814173586107,0.45265405213367477
2022,10.4,"Pipe, SAR",0.022,ISSCC,9.75747508305648,260000000.0,0.00097,0.004500865401853404,0.048,26632.339655937296,4.310282194177883,14.41856047800865
2022,10.5,SAR,0.18,ISSCC,17.19933554817276,2000000.0,0.0085,0.006019714535655392,0.783,601971453.5655392,28.240541805275388,0.010405809051073234
2022,32.2,"SAR, Single-slope",0.18,ISSCC,8.395348837209303,24000000.0,0.00082,0.00016161924045943763,0.01,112235.58365238724,101.47306690329353,0.7127864211743546
2023,10.1,"Pipe, TI",0.007,ISSCC,9.700996677740864,1800000000.0,0.00755,0.029963565350936174,0.0243,3699.205598881009,5.039453690890033,52.551823574987296
2023,10.2,"Pipe, Time-based",0.028,ISSCC,8.245847176079735,2600000000.0,0.0139,0.015785221607441925,0.0059,934.0367815054394,17.611409387432175,50.53334187110396
2023,10.3,"Pipe, Time-based",0.028,ISSCC,9.740863787375416,2000000000.0,0.027,0.03422568705306585,0.03375,3422.568705306585,15.777623372841193,78.88811686420597
2023,10.4,"Pipe, SAR",0.18,ISSCC,14.87375415282392,12000000.0,0.00943,0.007205388297264271,0.6,20014967.492400754,26.174855846645666,0.2398205244061703
2023,17.1,"SAR, TI",0.028,ISSCC,8.312292358803987,2800000000.0,0.01805,0.017800711425925483,0.0097,908.1995625472186,20.280088326932198,85.44377601587477
2023,17.2,Time-based,0.005,ISSCC,6.235880398671097,1250000000.0,0.0019,0.0018842002541814837,0.000313,482.3552650704598,20.167707713481654,5.191194501907696
2023,17.4,"SAR, TI",0.007,ISSCC,7.4318936877076425,24000000000.0,0.75,0.08288275184935982,0.9,57.55746656205543,180.97854698722648,125092.37167757095
2023,17.5,"Pipe, SAR, TI",0.028,ISSCC,10.089700996677742,1000000000.0,0.0106,0.021793784034673806,0.016,8717.513613869522,9.727544315512581,14.683085759264273
2023,17.6,"SAR, TI",0.028,ISSCC,6.074750830564785,4500000000.0,0.00656,0.006066311757293283,0.029,119.82838039097844,21.627638876663976,1936.1022759635553
2023,17.7,Subranging,0.028,ISSCC,7.332225913621263,2700000000.0,0.003,0.008701892117961343,0.018,477.4700750596072,6.895052154939454,301.58958125705175
2023,17.8,Time-based,0.028,ISSCC,5.754152823920267,10000000000.0,0.0317,0.010794501606468946,0.009,43.178006425875786,58.7336055997301,1667.5156163961226
2023,18.2,"Time-based, TI",0.022,ISSCC,4.8156146179401995,40000000000.0,0.084,0.02252861195436781,0.138,5.632152988591953,74.57183795445883,196017.40262314887
2024,3.9,SAR,0.003,ISSCC,10.172757475083058,2000000.0,0.00034,4.617055870594245e-05,0.027,4617055.870594244,147.2800024645315,0.0467830596063806
2024,9.1,"SAR, TI",0.022,ISSCC,11.451827242524917,200000000.0,0.002,0.011204784197146184,0.019,112047.84197146184,3.5699036497452443,1.356563386903193
2024,9.2,"Pipe, SAR",0.008,ISSCC,10.13953488372093,400000000.0,0.00208,0.009023896989664068,0.0168,22559.742474160164,4.609981701658215,5.957514814450617
2024,9.4,"Pipe, SAR",0.022,ISSCC,11.983388704318937,50000000.0,0.00036,0.004049108830162283,0.037,647857.4128259652,1.7781690495366196,0.4568906585614926
2024,9.8,"Pipe, SAR",0.04,ISSCC,14.990033222591363,40000000.0,0.05,0.02603392341845915,0.9,6508480.854614788,38.411421280088646,1.106248932866553
2024,9.9,SAR,0.065,ISSCC,11.435215946843853,2000000.0,1.51e-05,0.00011076511384943204,0.0372,11076511.384943204,2.7264902233615005,0.026867665247429885
2024,18.1,"SAR, TI",0.016,ISSCC,6.219269102990035,105000000000.0,0.698,0.15646090783887265,,5.676586225446627,89.2235651244997,
2024,18.4,"SAR, TI",0.005,ISSCC,5.704318936877077,200000000000.0,0.4,0.20856003745856708,,2.085600374585671,38.35825931700504,
2024,22.1,"Pipe, TI",0.028,ISSCC,8.69435215946844,12000000000.0,0.1798,0.09941960528590046,0.24,276.16557023861236,36.169928352250054,6952.351078163303
2024,22.3,"Time-based, TI",0.022,ISSCC,5.073089700996677,40000000000.0,0.0661,0.02693035991743389,0.103,6.7325899793584725,49.089577861311014,122389.74934257267
2024,22.4,"SAR, TI",0.028,ISSCC,7.0664451827242525,4800000000.0,0.0077,0.01286717464844482,0.015,223.38844875772259,11.968439397736246,537.1808643970969
2024,22.5,"Single-slope, TI",0.016,ISSCC,4.5083056478405314,42000000000.0,0.096,0.01911677002791618,0.07,4.334868487055823,100.43537675016374,129185.00334489813
2025,7.5,"Time-based, TI",0.005,ISSCC,5.42358803986711,52000000000.0,0.0576,0.04463710534309341,0.028551,6.603122092173582,25.808125126963372,34590.90969569121
2025,15.5,Event-based,0.065,ISSCC,13.32890365448505,40000.0,7.1e-06,8.231704964096276e-06,,2057926241.024069,17.25037530127145,
2025,18.6,"Pipe, SAR",0.022,ISSCC,12.897009966777409,16000000.0,0.00162,0.0024408260667468764,0.06,3813790.729291994,13.274194520211184,0.1258590295249653
2025,18.8,SAR,0.04,ISSCC,6.4750830564784065,800000000.0,0.00289,0.0014233581980091735,0.0056,889.5988737557334,40.60818989966395,50.35977598629606
2025,24.1,Pipe,0.028,ISSCC,9.475083056478406,3000000000.0,0.0325,0.042700745940275175,0.04,1897.8109306788967,15.22221651371487,168.6153213826878
2025,24.2,Pipe,0.028,ISSCC,11.03654485049834,1000000000.0,0.0153,0.0420108089370932,0.0219,16804.32357483728,7.283839748437195,10.425888267370887
2025,24.3,"Time-based, TI",0.028,ISSCC,7.3156146179401995,2200000000.0,0.0069,0.007009259084807671,0.004,579.2776103146834,19.68824355474465,55.241216698529925
2025,24.4,Time-based,0.028,ISSCC,7.897009966777409,3000000000.0,0.0229,0.014301715234844978,0.032,635.6317882153323,32.024130845796726,402.7488944798889
2025,24.5,"Pipe, SAR, TI",0.016,ISSCC,6.6677740863787385,72000000000.0,0.3933,0.1464072207204605,0.282,11.296853450652815,53.726858288081154,199701.6257539954
2025,24.6,"Pipe, SAR, TI",0.004,ISSCC,7.514950166112958,16000000000.0,0.57,0.05852957818741031,0.43,91.45246591782862,194.77331552770588,37615.169426824315
2025,24.7,"Pipe, TI",0.028,ISSCC,6.634551495016613,10000000000.0,0.0219,0.01987142461189482,0.009,79.4856984475793,22.04170101311296,905.8233293060122
2025,24.8,"SAR, TI",0.016,ISSCC,7.697674418604652,12000000000.0,0.16,0.04982440700557273,0.25,138.40113057103537,64.22555113685725,14450.74900579288
2026,11.1,"Pipe, SAR, Time-based",0.028,ISSCC,10.837209302325581,400000000.0,0.00459,0.014635752486633605,0.016,36589.38121658401,6.272311593396936,3.4982827187573324
2026,11.3,"Pipe, SAR",0.028,ISSCC,10.23920265780731,500000000.0,0.00269,0.012086682993278718,0.011,19338.69278924595,4.451179867124639,4.550462689439686
2026,11.4,"Pipe, SAR",0.028,ISSCC,10.920265780730897,500000000.0,0.0108,0.01937883034431571,0.033,31006.12855090514,11.14618354989408,8.514445767280199
2026,11.5,"Single-slope, TI",0.005,ISSCC,3.8106312292358804,175000000000.0,0.378,0.04911140363997887,0.0625,0.6414550679507445,153.93573467010057,779477.8231269561
2026,11.6,"SAR, Time-based, TI",0.012,ISSCC,5.853820598006645,20000000000.0,0.135,0.02313319296747601,0.23,23.133192967476013,116.71540559904768,79539.387519351
2026,11.7,"Pipe, TI",0.005,ISSCC,8.428571428571429,12000000000.0,1.3,0.08269210783533198,1.032,229.70029954258882,314.4193645634819,35942.48686849993
2026,23.2,"SAR, TI",0.005,ISSCC,4.857142857142858,71400000000.0,0.1549,0.04138794856220349,,3.2474125777529435,74.85270731270722,
1997,3.4,"Folding, TI",Bipolar,VLSI,3.7000000000000006,8000000000.0,12.5,0.002079366134671964,29.68,12.996038341699775,120228.94661571443,18270183.09403855
1998,14.2,Pipe,0.6,VLSI,9.425249169435217,14300000.0,0.036,0.00019662953389606606,5.75,384624.2533054253,3661.708318855985,119.59724225573466
1998,14.3,"Two-Step, Pipe",0.25 BiCMOS,VLSI,6.900332225913622,100000000.0,0.18,0.0002389114563770965,3.3,9556.458255083859,15068.343957176252,2762.5297254823136
1999,8.2,Pipe,Bipolar,VLSI,7.182724252491695,500000000.0,0.95,0.0014528321791516838,5.5,2324.531486642694,13077.904160337499,18928.545495225328
1999,8.3,Flash,0.35,VLSI,5.2724252491694354,50000000.0,0.02,3.86507699597855e-05,4.8,6184.12319356568,10349.082318830471,6209.4493912982825
1999,8.4,"Pipe, Folding",0.5,VLSI,6.73421926910299,100000000.0,0.165,0.00021292761669058037,1.68,8517.104667623214,15498.224473133776,1578.0010372645297
2000,16.1,Pipe,0.6 BiCMOS,VLSI,11.003322259136212,105000000.0,0.85,0.004310715357063618,,156397.8360839408,3943.6609917060473,
2000,16.2,Folding,0.35,VLSI,6.385382059800666,125000000.0,0.11,0.00020899290487520563,0.8,5350.218364805264,10526.673148610807,1196.2128577966828
2001,19.2,Folding,0.18,VLSI,7.182724252491695,30000000.0,0.018,8.716993074910102e-05,0.96,38742.191444044896,4129.864471685527,198.23349464090526
2001,19.3,Pipe,0.35,VLSI,10.837209302325581,51000000.0,0.6,0.0018660584420457846,,286975.53895360016,6430.666762421566,
2002,23.1,Flash,0.18,VLSI,4.857142857142858,400000000.0,0.07,0.00023186525805156017,0.2688,579.6631451289004,6037.98952790366,3709.7407659440087
2002,23.2,Folding,0.12,VLSI,8.83,100000000.0,0.18,0.000910174905514568,0.32,36406.99622058272,3955.283735234095,70.31615529305058
2003,6.1,Pipe,0.18,VLSI,8.843853820598008,1000000.0,0.009,9.189571748957957e-06,1.44,3675828.6995831826,19587.419840365346,3.1339871744584564
2004,6.1,Algorithmic,0.13,VLSI,12.564784053156147,500000.0,0.006,6.058664291287966e-05,0.5,96938628.66060746,1980.634579350329,0.04126322040313186
2004,25.1,Flash,0.13,VLSI,4.691029900332226,4000000000.0,0.99,0.002066477578720167,0.5,51.66193946800417,9581.52181465368,77426.43890629239
2004,25.2,Folding,0.18,VLSI,6.352159468438539,600000000.0,0.207,0.0009803288492179947,0.5,1089.2542769088832,4223.0726998419605,3672.237130297357
2004,25.3,Pipe,0.34 BiCMOS,VLSI,9.74,180000000.0,1.2,0.0030784681061807413,8.0,38005.77908865113,7796.085316529483,1683.954428370368
2004,25.4,"Pipe, TI, SwOpAmp",0.18,VLSI,9.209302325581397,50000000.0,0.029,0.0005919380249982278,1.3,94710.08399971646,979.8323059271895,109.80879290563331
2004,25.5,Algorithmic,0.18,VLSI,8.843853820598008,4000000.0,0.012,3.6758286995831827e-05,1.4,918957.1748957956,6529.13994678845,12.187727900671774
2005,21.1,"Pipe, TI",0.18,VLSI,3.4451827242524917,6000000000.0,0.78,0.0013070270826109503,2.88,14.52252314012167,11935.483363387579,1586501.173225672
2005,21.2,Pipe,0.18,VLSI,9.475083056478406,10000000.0,0.081,0.00014233581980091725,1.9,569343.279203669,11381.534193331425,26.69742588559223
2005,21.2,Pipe,0.18,VLSI,9.093023255813954,80000000.0,0.094,0.0008737611563132094,1.9,54610.07226957558,2151.6177349111786,278.33693251616955
2005,21.3,Pipe,0.18,VLSI,11.401993355481729,20000000.0,0.0337,0.0010824354366076182,1.15,1082435.4366076181,622.669932270819,8.499352191233731
2006,6.2,Algorithmic,0.13,VLSI,9.674418604651164,41670.0,3.2e-05,6.809946291289968e-07,0.055,156876061.37749368,939.8018319447988,0.00280476190016793
2006,6.3,Algorithmic,0.13,VLSI,9.00996677740864,10000000.0,0.01,0.00010310987386928713,0.19,412439.49547714856,1939.6784468337235,3.6853890489840744
2006,16.1,Pipe,0.18,VLSI,5.305647840531562,800000000.0,0.105,0.0006328184448034875,0.5,395.51152800217966,3318.4873437943547,10113.485238230416
2006,16.2,"Pipe, SwOpAmp",0.18,VLSI,6.601328903654486,100000000.0,0.03,0.00019419051205084818,2.04,7767.620482033927,3089.7493068193353,2101.0295286371484
2006,16.2,"Pipe, SwOpAmp",0.18,VLSI,7.099667774086379,40000000.0,0.03,0.00010972433217527816,2.04,27431.08304381954,5468.249276209175,594.9455212515584
2006,16.3,Folding,0.09,VLSI,5.289036544850498,800000000.0,0.12,0.000625573914243985,0.32,390.9836964024906,3836.477105827589,6547.587593945753
2006,16.4,"SAR, TI",0.065,VLSI,4.026578073089701,500000000.0,0.006,0.00016297492125865858,2.28,260.75987401385373,736.3096056328029,69949.41253511627
2007,7.1,"SAR, TI",0.13,VLSI,7.7,1350000000.0,0.16842865690842895,0.0056142885636143005,1.6,1232.2169686944965,599.9999999999998,10387.780987597733
2007,7.2,Flash,0.09,VLSI,4.887043189368771,3500000000.0,0.098,0.0020713077499357473,0.1485,67.63453877341215,946.2620897646912,17564.99004125708
2007,7.3,"Pipe, TI",0.09,VLSI,6.5,1100000000.0,0.046,0.001991212695821318,0.19,658.2521308500225,462.02999907075537,2309.145582312319
2007,19.1,"Pipe, Log",0.18,VLSI,5.687707641196014,22000000.0,0.00254,2.267896773002213e-05,0.56,18742.948537208373,2239.9608573344194,239.02322471335472
2007,19.2,Pipe,0.25,VLSI,11.451827242524917,30000000.0,0.102,0.0016807176295719276,8.0,746985.613143079,1213.767240913383,85.67768759388586
2007,19.3,Pipe,0.09,VLSI,10.006644518272426,40000000.0,0.016,0.0008229816330793005,0.28,205745.4082698251,388.83006271072594,10.887241755900325
2007,19.5,Pipe,0.09,VLSI,7.697674418604652,10000000.0,0.0023,4.152033917131061e-05,0.85,166081.35668524244,1107.8907571107875,40.9437888497465
2008,8.1,"Pipe, TI",0.065,VLSI,7.0498338870431905,800000000.0,0.3,0.0021199784541120694,0.12,1324.9865338200432,2830.217443182948,724.5356654548349
2008,8.2,Pipe,0.09,VLSI,11.335548172757475,100000000.0,0.25,0.005168565364363813,1.0,206742.6145745525,967.3864307635466,38.69545723054188
2008,2.1,Flash,0.065,VLSI,5.3,800000000.0,0.012,0.000630345939632597,0.13,393.96621227037315,380.7433107919855,2639.820288157766
2008,2.2,Flash,0.09,VLSI,4.691029900332226,1750000000.0,0.0076,0.000904083940690073,0.0308,118.08443306972381,168.12598162509204,2086.6425285245796
2008,2.3,Flash,0.065,VLSI,5.023255813953488,5000000000.0,0.32,0.003252001040619366,0.3,52.03201664990986,1968.019050443193,46125.44649476233
2008,2.4,"Pipe, TI",0.09,VLSI,5.089700996677741,10300000000.0,1.6,0.007014874236160628,,26.44876703237111,4561.735381519,
2008,22.1,Pipe,0.09,VLSI,7.6312292358804,50000000.0,0.00144,0.000198257170543158,0.123,31721.147286905278,145.26586817060732,31.02031559893177
2008,22.2,"Pipe, ZCBC",0.065,VLSI,8.727574750830565,26000000.0,0.00551,0.00022042717412523396,0.33,130430.28054747573,499.9383603102888,20.240698623959933
2008,22.3,Pipe,0.18,VLSI,10.338870431893689,50000000.0,0.01836,0.0012951203316912106,0.26,207219.2530705937,283.5257782730491,10.037677335374832
2008,22.4,Pipe,0.18,VLSI,10.654485049833887,250000000.0,0.14,0.008059156561457507,0.89,51578.60199332805,347.43089784244336,138.04174066061364
2009,23.1,SAR,0.13,VLSI,8.345514950166114,100000000.0,0.00092,0.000650549466314354,0.075,26021.978652574162,28.28378309837684,23.05743187367677
2009,23.2,SAR,0.09,VLSI,5.023255813953488,50000000.0,0.00024,3.252001040619366e-05,0.0055,5203.201664990986,147.60142878323947,8.456331857373094
2009,23.3,SAR,0.13,VLSI,10.172757475083058,11000000.0,0.00357,0.0002539380728826835,0.7,839464.7037444082,281.17091379592375,6.670917758687603
2009,23.4,SAR,0.18,VLSI,8.64451827242525,100000.0,1.3e-06,8.003672208341878e-07,0.125,32014688.833367508,32.48508849837871,0.031235662017671834
2009,26.1,Folding,0.09,VLSI,5.289036544850498,2700000000.0,0.05,0.002111311960573449,0.075,115.84702115629351,473.6391488676036,5179.244092867246
2009,26.2,Flash,0.065,VLSI,3.777408637873754,7670000000.0,0.052,0.0021034813484902956,0.01,14.302367363593715,494.4184557407298,5593.479594408812
2009,26.3,"VCO, BP",0.065,VLSI,6.186046511627907,40000000.0,0.0086,5.82472654939115e-05,0.7,14561.816373477875,2952.928322754978,384.56740947506694
2009,26.4,Pipe,0.065,VLSI,8.64451827242525,80000000.0,0.0112,0.0006402937766673502,0.125,40018.36104170939,349.83941459792453,24.988529614137462
2010,15.4,"Flash, TI",0.065,VLSI,3.8770764119601333,12000000000.0,0.081,0.003526367231394403,0.44,9.795464531651119,459.39628339825987,359349.9816804166
2010,15.5,"Flash, TI",0.065,VLSI,4.358803986710964,16000000000.0,0.435,0.006565695290398568,1.4694,10.258898891247762,1325.0691077185018,1145853.9678199564
2010,23.1,"Pipe, ZCBC",0.09,VLSI,10.2,100000000.0,0.0062,0.0023525342310339267,0.32,94101.36924135705,52.70911613707005,27.204705103003896
2010,23.2,"Pipe, SAR",0.065,VLSI,10.4,50000000.0,0.0035,0.001351176100631444,0.16,216188.17610103104,51.80671858189836,5.920767837931241
2010,23.3,SAR,0.18,VLSI,9.722591362126247,10000000.0,9.8e-05,0.00016897467945029647,0.086,675898.7178011859,11.599371020416875,1.0179039875059708
2010,23.4,SAR,0.09,VLSI,8.69,150000000.0,0.00153,0.0012390017421651856,0.028,22026.697638492187,24.697301834722005,10.169477226062003
2011,12.1,"Pipe, TI",0.04,VLSI,8.179401993355482,3000000000.0,0.5,0.017393885103149497,0.4,773.0615601399777,574.9146864370921,4139.385742347063
2011,12.2,Pipe,0.04,VLSI,9.00996677740864,300000000.0,0.04,0.003093296216078614,0.42,13747.98318257162,258.62379291116315,244.39948430104914
2011,12.3,"Pipe, Folding",0.045,VLSI,5.2,1300000000.0,0.022,0.0009557170313575331,0.023,226.20521452249307,460.38731712775785,813.4206825798159
2011,12.4,Pipe,0.09,VLSI,8.013289036544851,320000000.0,0.04,0.0016535614462545713,0.46,6459.224399431919,483.80421653640644,569.7278453932722
2011,12.5,Subranging,0.055,VLSI,6.352159468438539,1000000000.0,0.016,0.0016338814153633245,0.2,653.5525661453298,195.8526469491924,2448.1580868649053
2011,14.2,SAR,0.13,VLSI,9.724252491694353,31250.0,1.0969575050535208e-06,5.286542193029016e-07,0.11,216536768.2264685,41.49999999999999,0.004063974941565756
2011,14.3,SAR,0.25,VLSI,7.200000000000001,31250.0,8.7e-08,9.189586839976287e-08,0.039599999999999996,37640547.69654287,18.934474751690686,0.008416455641241818
2011,25.1,SAR,0.04,VLSI,7.5,1100000.0,1.2e-06,3.982425391642636e-06,0.011200000000000002,1316504.2617000449,6.026478248748984,0.06805902768920521
2011,25.2,SAR,0.09,VLSI,7.1,40000000.0,0.000113,0.0001097496025637164,0.05500000000000001,27437.4006409291,20.5923296960272,16.036504542038884
2011,25.3,Flash,0.09,VLSI,4.691029900332226,210000000.0,0.0348,0.00010849007288280877,0.18,984.0369422476986,6415.333509378511,1463.359695328926
2011,25.4,"Single-Slope, TI",0.13,VLSI,6.169435215946844,1000000000.0,0.0265,0.0014395112124280021,0.55,575.8044849712008,368.18052921314654,7641.482681782286
2012,4.1,Flash,0.04,VLSI,5.205980066445183,3000000000.0,0.011,0.0022146617617718315,0.021,98.42941163430362,99.33796835142441,1706.806910765383
2012,4.2,Event Driven,0.13,VLSI,8.013289036544851,20000.0,7.4e-06,1.033475903909107e-07,0.36,103347590.3909107,1432.060480947763,0.027867122872497013
2012,4.3,Pipe,0.065,VLSI,8.411960132890366,1000000000.0,0.0329,0.006812120443130988,0.225,2724.8481772523955,96.59253759429565,660.587263182873
2012,4.4,Pipe,0.18,VLSI,9.923588039867111,30000000.0,0.0026,0.0005827052285656549,0.5,258980.10158473553,89.23894526911907,15.44520206580907
2012,11.1,"SAR, TI",0.065,VLSI,7.714285714285715,2800000000.0,0.0446,0.011760327663725506,0.18000000000000002,600.0167175370157,75.84822681015565,2399.9331317150595
2012,11.2,SAR TI,0.065,VLSI,6.808970099667775,1000000000.0,0.0038,0.0022425092093446273,0.013,897.0036837378509,33.89060775461028,115.9415528447194
2012,11.3,SAR,0.028,VLSI,6.9,750000000.0,0.0045,0.0017914233437506706,0.004,1273.9010444449214,50.23938105638872,25.119690528194365
2012,11.4,"Pipe, TI",0.065,VLSI,8.501661129568108,500000000.0,0.0082,0.0036245576600533007,0.046,5799.292256085281,45.24690055491856,63.456019070922366
2012,11.5,SAR,0.09,VLSI,9.059800664451828,100000.0,1.7e-07,1.0673374560991285e-06,0.03,42693498.24396514,3.1854967522888336,0.005621464856980295
2013,8.1,"Pipe, TI",0.028,VLSI,8.013289036544851,5400000000.0,0.5,0.02790384940554589,0.4,382.7688532996693,358.37349373067144,8360.136861749103
2013,8.2,Pipe,0.18,VLSI,12.3156146179402,20000000.0,0.00296,0.0020390571883076875,1.98,2039057.1883076874,29.033025821670535,7.768296098230764
2013,8.3,Pipe,0.13,VLSI,10.538205980066447,70000000.0,0.00638,0.002081824600323902,0.5,169944.8653325634,61.292387447120795,23.537045336276798
2013,8.4,Pipe,0.065,VLSI,9.275747508305649,200000000.0,0.0115,0.0024793521968449507,0.26,24793.521968449506,92.76616702245119,83.89288148117326
2013,8.5,Pipe,0.065,VLSI,8.37873754152824,800000000.0,0.019,0.00532563390029647,0.18,3328.521187685293,71.35300832053926,432.6245557119013
2013,21.1,"SAR, TI",0.032,VLSI,5.850498338870432,8800000000.0,0.035,0.010155192433816521,0.025,52.454506373019214,68.93025460246511,3812.8277974392126
2013,21.3,Flash,0.032,VLSI,4.840531561461794,5000000000.0,0.0085,0.0028651356927015016,0.02,45.842171083224024,59.33401354534419,3490.2360909025992
2013,21.4,SAR,0.04,VLSI,7.0498338870431905,24576000.0,5.46e-05,6.512573811032276e-05,0.0058,43131.072064454536,16.767564279273977,1.0757905560673386
2013,21.5,Pipe,0.028,VLSI,8.843853820598008,410000000.0,0.0021399999999999995,0.0037677244170727623,0.11,8965.43585264191,11.359641858640066,98.15473720005303
2013,22.2,"SAR, TI",0.065,VLSI,4.192691029900332,10000000000.0,0.0793,0.0036572593443743016,0.33,14.629037377497207,433.6580621332281,180463.0018965514
2014,5.1,"Pipe, SAR",0.18,VLSI,16.086378737541526,5000000.0,0.03052,0.006957969514566885,5.74,111327512.23307016,87.72674251045432,0.4124766562991545
2014,5.2,SAR,0.09,VLSI,8.627906976744187,250000.0,2e-07,1.9780114631665984e-06,0.04,12659273.364266232,2.022232972096329,0.02527791215120412
2014,5.3,Pipe,0.18,VLSI,11.667774086378737,30000000.0,0.006,0.0019520962762728043,3.06,867598.3450101352,61.472377903983094,28.21582145792824
2014,5.4,Subranging,0.065,VLSI,5.920265780730897,820000000.0,0.00426,0.0009931650551461802,0.087,590.8179983023084,85.78634493685416,1178.0277547399162
2014,23.1,"Pipe, SAR, TI",0.028,VLSI,10.50498338870432,200000000.0,0.0023,0.0058126623391943225,0.35,58126.62339194322,7.913757468729197,48.17069763574295
2014,23.2,"Pipe, SAR",0.065,VLSI,9.691029900332227,210000000.0,0.0053,0.003471682332249882,0.48,31489.18215192637,30.532747485368255,121.94664127741044
2014,23.3,SAR,0.028,VLSI,10.853820598006644,100000000.0,0.008,0.0037013108747961597,0.1,148052.43499184638,43.227927999647314,5.403490999955914
2014,23.4,"Pipe, SAR",0.04,VLSI,10.554817275747508,160000000.0,0.00496,0.004813562078172112,0.042,75211.90747143926,20.60843890428643,4.467377723767897
2015,3.2,SAR,0.18,VLSI,7.498338870431894,100000.0,1.2e-07,3.616220578984324e-07,0.12,14464882.315937297,6.636763293554619,0.0663676329355462
2015,3.3,SAR,0.014,VLSI,11.019933554817275,70000000.0,0.0043,0.0029070907275539812,0.019,237313.5287799168,29.582840048600815,0.6405028857034271
2015,3.5,"SAR, VCO",0.045,VLSI,11.003322259136212,200000000.0,0.0034,0.008210886394406891,0.06,82108.86394406891,8.2816880825827,5.845897470058378
2015,11.1,"Two-Step, binary search, TI",0.065,VLSI,4.641196013289036,25000000000.0,0.088,0.012476972563712605,0.24,7.985262440776068,141.05985975465674,240442.94276361942
2015,11.2,Asynchronous,0.028,VLSI,6.352159468438539,80000000.0,2.4e-05,0.00013071051322906596,0.0032,8169.407076816623,3.6722371302973578,3.1336423511870786
2015,11.3,"SAR, TI",0.028,VLSI,3.8936877076411958,46000000000.0,0.381,0.013674284806429422,0.14,2.5849309652985673,557.2503504108092,433280.4299362156
2016,5.4,"SAR, TI",0.016,VLSI,4.940199335548173,28000000000.0,0.28,0.017192388307129505,,8.771626687310974,325.72554202243896,
2016,8.4,SAR,0.13,VLSI,12.16611295681063,1000.0,1.3e-06,9.191680633354667e-08,,36766722533.41867,282.8644840602,
2016,15.1,"SAR, TI",0.065,VLSI,10.50498338870432,1600000000.0,0.0377,0.04650129871355458,0.9,7265.8279239929025,16.214600900602758,990.9400656495692
2016,15.2,"Pipe, SAR, TI",0.028,VLSI,9.807308970099669,800000000.0,0.0146,0.01433554338459685,0.0928,8959.714615373032,20.368952342172534,82.85978202098022
2016,15.3,SAR,0.04,VLSI,12.019933554817277,20000.0,1.17e-06,1.6611947014594199e-06,0.315,1661194701.4594197,14.086247674304673,0.0015169805187712727
2016,15.4,SAR,0.09,VLSI,9.46,600000.0,1.87e-07,8.451328930650591e-06,0.035,9390365.478500657,0.44253395302555,0.02981779576535791
2016,16.2,Flash,0.028,VLSI,4.59,10312500000.0,0.095,0.004967314266456521,,18.683305083017366,382.5004616338443,
2016,19.1,"SAR, TI",0.028,VLSI,4.524916943521594,24000000000.0,0.023,0.011050373702135826,0.03,7.673870626483212,41.62755146562064,31274.960405474987
2016,19.2,"SAR, TI",0.016,VLSI,8.06312292358804,1600000000.0,0.0082,0.00855838534816914,0.023,1337.2477106514277,19.16249307880065,137.5960478633881
2016,19.3,"Pipe, TI",0.028,VLSI,9.3421926910299,5000000000.0,2.3,0.06490530951295839,,1038.4849522073341,708.7247614282783,
2017,8.1,"Pipe, SAR, TI",0.016,VLSI,10.338870431893689,303000000.0,0.0036,0.007848429210048736,0.11374999999999999,34194.59621626959,9.17381020750175,26.612392035412523
2017,8.2,Pipe,0.028,VLSI,9.109634551495018,500000000.0,0.006,0.005524249048332371,0.015,8838.798477331793,21.722409498576994,13.576505936610621
2017,8.3,Pipe,0.028,VLSI,9.059800664451828,600000000.0,0.0142,0.006404024736594771,0.62,7115.5830406608575,44.34711164951122,697.0616422655565
2017,8.4,"Pipe, SAR",0.04,VLSI,11.867109634551495,100000000.0,0.0023,0.007471124222614393,0.068,298844.9689045757,6.157038570013642,1.82034183809099
2017,18.3,SAR,0.04,VLSI,11.186046511627906,200000.0,5.1e-07,9.319562479025828e-06,0.014,93195624.79025827,1.0944719800908727,0.0012017731546095857
2017,18.4,SAR,0.04,VLSI,13.794019933554816,80000.0,0.000101,2.272656207317741e-05,0.074,1420410129.5735881,88.88277925608759,0.00041678103223448593
2017,21.1,SAR,0.014,VLSI,9.749169435215949,300000000.0,0.0033,0.0051634940771473434,0.006,22948.862565099305,12.782042356183505,2.091606931011846
2017,21.2,"SAR, TI",0.016,VLSI,8.029900332225914,2000000000.0,0.0104,0.010454441903064495,0.014,1045.4441903064494,19.895849240792977,107.13149591196219
2017,21.3,"SAR, Pipe",0.18,VLSI,16.31893687707641,2000000.0,0.01135,0.003270013071268192,3.8730750000000005,327001307.12681913,69.41868275528446,0.09475374967838711
2017,21.4,SAR,0.055,VLSI,12.664451827242525,16000000.0,0.0163,0.002077446541361801,0.55,3246010.2208778136,156.92341223197087,1.355510211181687
2017,21.5,Flash,0.065,VLSI,6.468438538205981,2000000000.0,0.021,0.0035420445273070898,0.08,354.20445273070897,118.57558445752046,1806.8660488765024
2018,9.1,SAR,0.04,VLSI,10.770764119601328,1000000.0,3.1e-05,3.494242743054132e-05,0.073,13976970.972216528,17.743472494360564,0.04178301587381681
2018,9.2,"SAR, VCO",0.04,VLSI,8.77076411960133,20000.0,2.1e-08,1.747121371527068e-07,0.00975,174712137.1527068,2.403954337945622,0.0004464486627613298
2018,9.3,"Subranging, Time-Based",0.065,VLSI,7.182724252491695,950000000.0,0.0023,0.002760381140388199,0.007,1223.4376245487863,16.664365412064406,45.77266456118125
2018,9.4,"Two-step, SAR",0.04,VLSI,7.182724252491695,1100000000.0,0.004,0.003196230794133704,0.00165,1056.6052212012244,25.029481646578947,12.492840026848718
2018,9.5,"SAR, TI",0.016,VLSI,9.17607973421927,5000000000.0,0.641,0.05784625431835747,1.1,925.5400690937197,221.62195549334956,9507.962209153062
2018,25.5,"SAR, TI",0.014,VLSI,5.98671096345515,32000000000.0,0.199,0.04058443921271034,0.16,15.853296567464978,98.06714290519339,80740.30499289892
2019,7.3,"SAR, Pipe",0.04,VLSI,10.02325581395349,200000000.0,0.0039,0.004162561331992793,0.026,41625.61331992793,18.738462638497175,4.996923370265915
2019,7.4,SAR,0.065,VLSI,9.07,200000.0,3.8e-08,2.1498197680600422e-06,0.04,21498197.680600423,0.35351800708661735,0.014884968719436517
2019,7.5,"SAR, TI",0.028,VLSI,7.764119601328905,5000000000.0,0.029,0.02173866599853183,0.103,347.8186559765093,26.68057000549949,2369.050612557282
2019,18.4,"SAR, Single-Slope",0.18,VLSI,7.980066445182724,30000000.0,0.00114,0.00015149232042391492,0.023,67329.92018840664,150.50267852653963,2.732811794297693
2019,22.3,"SAR, TI",0.007,VLSI,4.591362126245847,28000000000.0,0.15,0.013499750684838108,0.09,6.8876279004276055,222.2263262512967,104535.26386861
2020,CD1.1,Pipe,0.016,VLSI,9.591362126245848,1000000000.0,0.0109,0.015428286496957848,0.095,6171.3145987831385,14.129890577478276,123.1504224642602
2020,CD1.2,SAR,0.04,VLSI,9.059800664451828,100000000.0,0.0014,0.0010673374560991285,0.027,42693.498243965136,26.233502665908045,5.0593183712822665
2020,CD1.3,"SAR, Flash",0.028,VLSI,7.26,1000000000.0,0.00255,0.0030655454838244573,0.002,1226.2181935297829,16.636517144862047,13.048248741068273
2020,CD2.5,SAR,0.04,VLSI,9.607973421926912,12000000.0,0.000472,0.0001872834664876321,0.018,520231.85135453363,50.40487650640214,0.27679966081481855
2020,CW2.3,"Time-Based, TI",0.016,VLSI,5.106312292358804,20000000000.0,0.175,0.01377885590853058,0.1,13.778855908530579,254.01238123356288,58059.97285338581
2021,C15-1,"SAR, Pipe",0.016,VLSI,10.056478405315616,500000000.0,0.0028,0.010648824037219735,0.0084,17038.118459551577,5.258796633719271,3.944097475289453
2021,C15-2,"Time-Based, TI",0.065,VLSI,6.152823920265781,20000000000.0,0.1293,0.028460632623827312,0.22,28.460632623827316,90.86235131101739,61839.805996670766
2021,C15-3,"SAR, TI",0.016,VLSI,6.750830564784054,8000000000.0,0.026,0.017231475952789604,0.023,107.69672470493502,30.177333701691243,1708.5013541880583
2021,C15-4,"SAR, Pipe",0.028,VLSI,9.55481727574751,1000000000.0,0.0192,0.015042381494287872,0.134,6016.952597715148,25.527872707245095,178.16327826931473
2021,C19-2,SAR,0.18,VLSI,9.3,1000.0,2.04e-07,1.260691879265195e-08,0.05,5042767517.060781,323.6318141731874,7.932152308166358e-05
2022,C10-2,"SAR, Pipe",0.065,VLSI,10.50498338870432,50000000.0,0.00046,0.0014531655847985806,0.049,232506.49356777288,6.331005974983358,1.6859744172510032
2022,C10-3,SAR,0.008,VLSI,10.006644518272426,250000000.0,0.00056,0.005143635206745628,0.0036,32919.26532317202,2.1774483511800646,0.8748676410991333
2022,C10-4,Subranging,0.028,VLSI,7.149501661129569,2500000000.0,0.0035,0.007098792117414101,0.024,454.32269551450247,9.86083249688105,422.6071070091878
2022,C10-5,SAR,0.065,VLSI,10.925249169435215,25000000.0,0.0005473511120895606,0.0009722942433528549,0.072,622268.315745827,11.258960254708033,0.9256457149190191
2022,C18-4,SAR,0.065,VLSI,9.7,20800.0,5.32e-06,3.4600652480941447e-07,,319902482.2572249,307.50865192096217,
2022,C19-1,"SAR, TI",0.004,VLSI,5.156146179401993,56000000000.0,0.24,0.03993674678492131,0.078,5.093972804199147,120.190060193193,122497.70934890231
2022,C19-2,"SAR, TI",0.022,VLSI,6.0199335548172765,3800000000.0,0.006,0.004931671769957653,0.0045,136.6114063700181,24.332519599338706,263.5211872608382
2022,C19-3,"SAR, Pipe, TI",0.005,VLSI,7.681063122923589,10000000000.0,0.625,0.0410450126879606,1.05,164.18005075184237,304.54369925597626,51163.34147500401
2022,C19-4,TI,0.028,VLSI,7.681063122923589,1400000000.0,0.00986,0.005746301776314483,0.15,1172.7146482274457,34.31772428187344,1023.2668295000801
2023,C14-1,"SAR, TI",0.028,VLSI,9.225913621262459,2000000000.0,0.1186,0.02395172125117284,0.54,2395.172125117284,99.0325486475779,1803.6282047113684
2023,C14-2,"SAR, Pipe",0.065,VLSI,12.481727574750831,60000000.0,0.00155,0.00686365813039687,0.195,762628.6811552079,4.516541968008467,2.0455564268012543
2023,C14-3,"SAR, Pipe",0.028,VLSI,10.98671096345515,150000000.0,0.00172,0.0060876658819065555,0.048,108225.17123389432,5.650770043448326,3.5481579342582514
2023,C14-4,Algorithmic,0.007,VLSI,12.0,4000000.0,0.00086,0.00032768,0.016,8192000.0,52.490234375,0.015625
2023,C18-1,Level Crossing,0.065,VLSI,9.906976744186048,32000.0,9.9e-06,6.144366891580533e-07,0.005,240014331.70236456,322.24638191985946,0.0001666567146898667
2024,C18.4,"SAR, Pipe",0.038,VLSI,10.654485049833887,475000000.0,0.00629,0.015312397466769262,0.038,27146.632628067397,8.215565215898376,11.198442332243038
2024,C18.5,Pipe,0.016,VLSI,10.911960132890366,1000000000.0,0.0178,0.038535172476779456,0.0396,15414.068990711781,9.238313393160979,20.55265226793117
2024,C24.2,"Time-Based, Pipe, SAR, TI",0.004,VLSI,7.096345514950166,16000000000.0,0.0942,0.04378877923787457,0.008,68.41996755917901,43.02472077984894,935.3994496510684
2024,C24.3,"SAR, TI",0.005,VLSI,5.40531561461794,60000000000.0,0.1093,0.05085613860663629,0.068,5.650682067404032,42.98399485081523,96271.56394766302
2024,C24.4,"SAR, TI",0.005,VLSI,8.046511627906979,10000000000.0,0.386,0.052877553840947264,0.71,211.5102153637891,145.99767650412366,26854.49490101756
2024,C24.5,"Pipe, TI",0.016,VLSI,8.179401993355482,10000000000.0,0.35,0.05797961701049833,1.1,231.91846804199332,120.73208415178932,37944.36930484807
2025,C5-3,SAR,0.065,VLSI,7.797342192691032,100000000.0,0.000599,0.00044490151242803706,0.03,17796.06049712148,26.92730787679165,13.486130823100993
2025,C8-1,Subranging,0.028,VLSI,11.691029900332225,560000000.0,0.00976,0.03703127821066536,0.078,47233.77322788949,5.271219613039998,13.210886138386147
2025,C8-2,"Time-Based, TI",0.016,VLSI,5.219269102990033,46000000000.0,0.1336,0.034272389336133975,0.085,6.478712539911903,77.96363345997777,104959.12510562578
2025,C8-3,Pipe,0.028,VLSI,10.056478405315616,3000000000.0,0.12541,0.06389294422331841,0.1368,2839.686409925263,39.25629082349605,385.39466758542653
2025,C8-4,"Time-Based, TI",0.028,VLSI,5.571428571428572,16000000000.0,0.0196,0.015216581520762357,0.0139,23.775908626191185,25.761370874603678,4677.003169397435
2025,C14-2,SAR,0.022,VLSI,9.475083056478406,10000000.0,1.46e-05,0.00014233581980091725,0.014,569343.279203669,2.0514864101560346,0.19671787494646908
2025,C32-1,"Pipe, SAR",0.18,VLSI,14.458471760797343,6000000.0,0.00115,0.00270156199127007,0.237,30017355.458556328,8.51359327467705,0.06316345897351702
