算法,随机种子,评估序号,阶段,延迟_ns,能耗_nJ,面积_um2,功耗_W,精度,单次耗时_s,是否帕累托点,交叉阵列尺寸,ADC档位,DAC档位,PE阵列规模,Tile连接方式,片间带宽,片内带宽,附加JSON
random,44,1,random,5925491.606958955,2159155.28117978,1390522565.5109138,224.07489527750815,,2.5283336639404297,0,256x256,6,4,2x2,1,20,1024,{}
random,44,2,random,15468809.432555325,4946578.093523305,1253735419.0836034,229.3051367603446,,3.0261669158935547,0,256x256,4,4,4x4,1,40,1024,{}
random,44,3,random,15903481.085247833,5740412.947882585,1439827635.4036036,225.52706636034463,,2.918137311935425,0,256x256,6,2,4x4,2,40,512,{}
random,44,4,random,29134175.97551088,7578538.385046603,2344793379.3769155,74.90488182494107,,3.0650320053100586,0,512x512,6,1,8x8,1,20,1024,{}
random,44,5,random,21835665.724388767,4447370.550918947,1939820712.4969165,13.612824016941065,,2.9074387550354004,0,512x512,8,4,8x8,1,40,1024,{}
random,44,6,random,16065637.00469644,7362470.008665147,1439798738.1236033,224.8973879603446,,3.033618927001953,0,256x256,6,1,4x4,2,40,512,{}
random,44,7,random,39985507.6013046,14010691.921595788,1624323961.586589,155.26274515759715,,3.881343126296997,0,256x256,7,4,8x8,2,10,512,{}
random,44,8,random,4159425.053915906,2911707.225850988,1390358360.9669135,220.3439992775082,,2.677922248840332,0,256x256,6,2,2x2,2,80,512,{}
random,44,9,random,25945608.200170036,5586894.207144911,2062454952.496916,49.402941024941065,,2.85396409034729,0,512x512,7,4,8x8,3,80,1024,{}
random,44,10,random,43604317.714852326,19111511.34162109,1887839826.6745892,246.8972587575972,,2.947127103805542,0,256x256,6,1,8x8,0,10,512,{}
random,44,11,random,12370527.014071278,2693906.9441276425,1152740818.1236033,26.90026133634462,,3.095133066177368,0,256x256,8,1,4x4,3,40,512,{}
random,44,12,random,4408851.203493901,4448843.521209404,1390330993.5429137,219.72218327750815,,2.755239963531494,0,256x256,6,1,2x2,3,80,2048,{}
random,44,13,random,46092078.81423927,17253071.6397539,1887877903.090589,247.58197395759717,,3.772955894470215,0,256x256,6,2,8x8,3,10,2048,{}
random,44,14,random,5949074.663010603,1084841.5460518848,884941383.1245514,36.10522648678249,,1.998086929321289,0,512x512,7,1,2x2,2,10,512,{}
random,44,15,random,39410091.90501551,14010691.921595788,1624323961.586589,155.26274515759715,,3.7229020595550537,0,256x256,7,4,8x8,1,10,2048,{}
random,44,16,random,14459505.782541726,1698550.3279874078,1004164538.11784,8.718316719206628,,2.323110818862915,0,512x512,8,1,4x4,2,10,512,{}
random,44,17,random,16194489.92204522,2856008.628690927,1213695508.22984,66.08759987120662,,2.447183132171631,0,512x512,6,4,4x4,2,40,1024,{}
random,44,18,random,14104054.326732598,1693418.1621167667,1004227772.16584,9.946910319206626,,2.8508808612823486,0,512x512,8,3,4x4,3,20,1024,{}
random,44,19,random,4642292.343954902,1679778.188230988,1200764760.9669135,133.09151927750816,,3.122359037399292,0,256x256,7,2,2x2,0,40,2048,{}
random,44,20,random,4507475.48298269,1035970.5633224761,893349238.2285513,60.20395128678248,,2.53576397895813,0,512x512,4,3,2x2,2,80,512,{}
random,44,21,random,4408851.203493901,4448843.521209404,1213926513.5429137,219.72218327750815,,2.849090099334717,0,256x256,4,1,2x2,3,80,2048,{}
random,44,22,random,26165544.87126388,5586894.207144911,2062454952.496916,49.402941024941065,,3.939817190170288,0,512x512,7,4,8x8,1,20,512,{}
random,44,23,random,15845814.325560633,2837962.093420527,1213611196.1658404,64.44947507120662,,2.985771894454956,0,512x512,6,3,4x4,1,80,2048,{}
random,44,24,random,34052773.249742076,11148534.397241248,1509865337.586589,35.008845925597164,,4.025399684906006,0,256x256,8,4,8x8,2,10,512,{}
random,44,25,random,42165595.32333396,17253071.6397539,1887877903.090589,247.58197395759717,,3.5410828590393066,0,256x256,6,2,8x8,2,80,2048,{}
random,44,26,random,28962263.2426013,6853831.857660688,2344834175.536916,75.36158742494106,,3.2600440979003906,0,512x512,6,2,8x8,2,20,2048,{}
random,44,27,random,43917020.58763278,16326480.400301907,1887954055.922589,248.95140435759717,,3.4513440132141113,0,256x256,6,3,8x8,2,10,1024,{}
random,44,28,random,4075756.733912071,2145356.7062805803,1214008615.8149135,221.58763127750822,,2.6455743312835693,0,256x256,4,3,2x2,2,80,512,{}
random,44,29,random,28759822.92502338,6853831.857660688,2081870975.5369163,75.36158742494106,,3.329569101333618,0,512x512,4,2,8x8,3,80,512,{}
random,44,30,random,13548512.037242616,2684600.1489854166,1152827509.9636033,28.789296536344615,,2.855668067932129,0,256x256,8,3,4x4,3,20,1024,{}
random,44,31,random,28886235.105638716,6494229.481494131,2344915767.856916,76.27499862494106,,2.763822078704834,0,512x512,6,3,8x8,2,20,512,{}
random,44,32,random,17307565.52552402,4946578.093523305,1440001019.0836034,229.3051367603446,,3.047576904296875,0,256x256,6,4,4x4,3,20,512,{}
random,44,33,random,46040361.32217681,16326480.400301907,1887954055.922589,248.95140435759717,,3.65625,0,256x256,6,3,8x8,3,10,1024,{}
random,44,34,random,38639552.7050165,13994336.11682139,1624171655.9225888,152.52388435759715,,3.157026767730713,0,256x256,7,3,8x8,1,20,2048,{}
random,44,35,random,4610985.482982667,1035970.5633224761,1005108598.2285513,60.20395128678248,,2.1220619678497314,0,512x512,6,3,2x2,1,80,512,{}
random,44,36,random,28643071.325022746,6853831.857660688,2344834175.536916,75.36158742494106,,2.9603450298309326,0,512x512,6,2,8x8,1,80,512,{}
random,44,37,random,12024178.947289012,1693195.326723247,1004185616.1338401,9.127847919206628,,2.4083609580993652,0,512x512,8,2,4x4,2,80,2048,{}
random,44,38,random,3688343.5678964313,1359668.67730058,1200819495.8149135,134.33515127750815,,3.2041258811950684,0,256x256,7,3,2x2,2,80,1024,{}
random,44,39,random,11801864.514921673,2686115.3054760257,1152769715.4036033,27.529939736344616,,3.139495849609375,0,256x256,8,2,4x4,0,40,2048,{}
random,44,40,random,38076636.87044523,14010691.921595788,1624323961.586589,155.26274515759715,,3.876276969909668,0,256x256,7,4,8x8,0,80,1024,{}
random,44,41,random,4961910.986937417,1329213.4080361456,1005073921.4925513,59.44778808678249,,2.2025210857391357,0,512x512,6,2,2x2,3,40,2048,{}
random,44,42,random,8550605.606958969,2159155.28117978,1390522565.5109138,224.07489527750815,,2.7105369567871094,0,256x256,6,4,2x2,0,10,1024,{}
random,44,43,random,16174122.325560857,2856008.628690927,1077831188.22984,66.08759987120662,,2.3038830757141113,0,512x512,4,4,4x4,1,40,2048,{}
random,44,44,random,4466286.527476937,1373467.2521997802,1200928965.5109136,136.82241527750816,,3.406198024749756,0,256x256,7,4,2x2,1,40,1024,{}
random,44,45,random,3981011.355787073,1373467.2521997802,1200928965.5109136,136.82241527750816,,2.414382219314575,0,256x256,7,4,2x2,0,80,512,{}
random,44,46,random,16450722.158763757,2305871.6484396267,1067673108.2298399,41.83287987120663,,2.6159720420837402,0,512x512,7,4,4x4,3,20,512,{}
random,44,47,random,4577262.083902259,431721.2155879321,832873846.2285514,8.600673318782485,,2.0621182918548584,1,512x512,8,3,2x2,1,20,1024,{}
random,44,48,random,16851572.72556066,2837962.093420527,1077746876.16584,64.44947507120662,,2.5090601444244385,0,512x512,4,3,4x4,2,20,2048,{}
random,44,49,random,14317530.95876382,2305871.6484396267,1067673108.2298399,41.83287987120663,,2.070345878601074,0,512x512,7,4,4x4,2,80,512,{}
random,44,50,random,28893423.105638716,6511346.114991731,2345078952.496916,78.10182102494106,,3.336890935897827,0,512x512,6,4,8x8,1,20,512,{}
random,44,51,random,18219724.802030817,5740412.947882585,1253562035.4036033,225.52706636034463,,3.855314254760742,0,256x256,4,2,4x4,0,10,512,{}
random,44,52,random,8324184.003493859,4448843.521209404,1390330993.5429137,219.72218327750815,,3.170718193054199,0,256x256,6,1,2x2,1,10,2048,{}
random,44,53,random,16816516.315013733,2837962.093420527,1077746876.16584,64.44947507120662,,2.3664278984069824,0,512x512,4,3,4x4,1,20,512,{}
random,44,54,random,15738016.381937448,7362470.008665147,1439798738.1236033,224.8973879603446,,3.6706299781799316,0,256x256,6,1,4x4,0,40,1024,{}
random,44,55,random,42458912.914852716,19111511.34162109,1887839826.6745892,246.8972587575972,,4.030402898788452,0,256x256,6,1,8x8,1,40,512,{}
random,44,56,random,3394446.9293064657,708737.872341068,1118497624.9669137,24.27973050950817,,2.666654109954834,1,256x256,8,2,2x2,1,80,1024,{}
random,44,57,random,12018174.146117168,1693195.326723247,1004185616.1338401,9.127847919206628,,2.2936460971832275,0,512x512,8,2,4x4,0,80,1024,{}
random,44,58,random,4507475.48298269,1035970.5633224761,1005108598.2285513,60.20395128678248,,2.125396966934204,0,512x512,6,3,2x2,2,80,512,{}
random,44,59,random,32217467.69466407,11148534.397241248,1509865337.586589,35.008845925597164,,3.411807060241699,0,256x256,8,4,8x8,2,80,1024,{}
random,44,60,random,4763143.341135587,1920521.5611562848,1005056583.1245512,59.06970648678248,,1.9932198524475098,0,512x512,6,1,2x2,2,80,512,{}
random,44,61,random,4964870.302367104,1329213.4080361456,893314561.4925516,59.44778808678249,,2.3735811710357666,0,512x512,4,2,2x2,3,40,512,{}
random,44,62,random,16187301.92204522,2837962.093420527,1213611196.1658404,64.44947507120662,,2.144650936126709,0,512x512,6,3,4x4,2,40,1024,{}
random,44,63,random,18080216.934398234,3173273.222977087,1213569040.13384,63.63041267120662,,2.3671538829803467,0,512x512,6,2,4x4,3,20,512,{}
random,44,64,random,16173763.515013982,2837962.093420527,1213611196.1658404,64.44947507120662,,2.526092052459717,0,512x512,6,3,4x4,1,40,512,{}
random,44,65,random,18243713.380198225,3849696.154141408,1213547962.1178398,63.220881471206624,,2.5271639823913574,0,512x512,6,1,4x4,3,20,1024,{}
random,44,66,random,22547291.33908568,4430544.468251009,1939575935.5369165,10.872590416941065,,3.026064872741699,0,512x512,8,2,8x8,1,10,512,{}
random,44,67,random,4584426.083902258,446724.43596553215,832943199.7005515,10.112999718782488,,2.3696959018707275,0,512x512,8,4,2x2,1,20,1024,{}
random,44,68,random,12338535.34728909,1693195.326723247,1004185616.1338401,9.127847919206628,,2.3778791427612305,0,512x512,8,2,4x4,1,40,2048,{}
random,44,69,random,29141902.96379213,7578538.385046603,2344793379.3769155,74.90488182494107,,3.2102389335632324,0,512x512,6,1,8x8,2,20,512,{}
random,44,70,random,43430972.923334375,17253071.6397539,1887877903.090589,247.58197395759717,,3.407303810119629,0,256x256,6,2,8x8,0,10,2048,{}
random,44,71,random,15854854.32204501,2837962.093420527,1077746876.16584,64.44947507120662,,2.049936294555664,0,512x512,4,3,4x4,2,80,1024,{}
random,44,72,random,15494368.016917197,2712279.8266901076,1067525562.1178398,38.966161471206625,,2.3455281257629395,0,512x512,7,1,4x4,0,20,512,{}
random,44,73,random,22202448.084886048,4436627.3449631315,1939535139.3769164,10.415884816941066,,2.7630670070648193,0,512x512,8,1,8x8,0,20,2048,{}
random,44,74,random,14259745.880882509,2686115.3054760257,1152769715.4036033,27.529939736344616,,2.715547800064087,0,256x256,8,2,4x4,1,10,1024,{}
random,44,75,random,14644970.486498345,2305871.6484396267,1067673108.2298399,41.83287987120663,,2.208012104034424,0,512x512,7,4,4x4,2,40,2048,{}
random,44,76,random,6156473.0434823865,2159155.28117978,1390522565.5109138,224.07489527750815,,2.855128049850464,0,256x256,6,4,2x2,0,20,2048,{}
random,44,77,random,4775721.532235187,4448843.521209404,1390330993.5429137,219.72218327750815,,2.647444009780884,0,256x256,6,1,2x2,3,40,2048,{}
random,44,78,random,6765749.451706888,1084841.5460518848,884941383.1245514,36.10522648678249,,2.1913909912109375,0,512x512,7,1,2x2,0,10,1024,{}
random,44,79,random,22495643.426732503,4447370.550918947,1939820712.4969165,13.612824016941065,,2.9127697944641113,0,512x512,8,4,8x8,1,10,2048,{}
random,44,80,random,4760184.025705899,1920521.5611562848,1005056583.1245512,59.06970648678248,,2.8297789096832275,0,512x512,6,1,2x2,2,80,2048,{}
random,44,81,random,32472280.49466493,11132178.592466848,1509713031.9225888,32.26998512559716,,3.8698360919952393,0,256x256,8,3,8x8,2,40,1024,{}
random,44,82,random,4936749.606029541,1035970.5633224761,1005108598.2285513,60.20395128678248,,2.334243059158325,0,512x512,6,3,2x2,1,40,1024,{}
random,44,83,random,18447164.17316672,3849696.154141408,1077683642.1178398,63.220881471206624,,2.4135501384735107,0,512x512,4,1,4x4,2,10,512,{}
random,44,84,random,5256218.2665262,436485.5739678527,832821831.1245515,7.466428518782486,,2.6921300888061523,1,512x512,8,1,2x2,2,10,1024,{}
random,44,85,random,18098056.32204556,2837962.093420527,1077746876.16584,64.44947507120662,,2.8272347450256348,0,512x512,4,3,4x4,1,10,1024,{}
random,44,86,random,8164425.023951153,1373467.2521997802,1200928965.5109136,136.82241527750816,,2.8180179595947266,0,256x256,7,4,2x2,0,10,2048,{}
random,44,87,random,4801860.448021752,728585.5932356762,885062751.7005514,38.75179768678249,,2.5440008640289307,0,512x512,7,4,2x2,2,20,2048,{}
random,44,88,random,15146116.145794986,5740412.947882585,1253562035.4036033,225.52706636034463,,3.451901912689209,0,256x256,4,2,4x4,0,80,2048,{}
random,44,89,random,14298571.286498195,2287825.113169227,1067588796.1658399,40.19475507120662,,2.647465944290161,0,512x512,7,3,4x4,0,80,2048,{}
random,44,90,random,14866367.702073378,2712279.8266901076,1067525562.1178398,38.966161471206625,,3.511220932006836,0,512x512,7,1,4x4,2,40,1024,{}
random,44,91,random,28759822.92502338,6853831.857660688,2344834175.536916,75.36158742494106,,3.6866109371185303,0,512x512,6,2,8x8,3,80,512,{}
random,44,92,random,28643071.325022746,6853831.857660688,2344834175.536916,75.36158742494106,,3.7077460289001465,0,512x512,6,2,8x8,2,80,512,{}
random,44,93,random,22059361.519701533,4447370.550918947,1939820712.4969165,13.612824016941065,,3.4705309867858887,0,512x512,8,4,8x8,0,20,512,{}
random,44,94,random,15971581.525524048,4931765.080326505,1253619829.9636033,226.78642316034464,,3.437718152999878,0,256x256,4,3,4x4,3,40,512,{}
random,44,95,random,20542307.33439843,3173273.222977087,1077704720.13384,63.63041267120662,,2.5293378829956055,0,512x512,4,2,4x4,3,10,512,{}
random,44,96,random,15974122.232555298,4946578.093523305,1253735419.0836034,229.3051367603446,,3.062476873397827,0,256x256,4,4,4x4,3,40,1024,{}
random,44,97,random,12969099.127904452,1693418.1621167667,1004227772.16584,9.946910319206626,,2.3921380043029785,0,512x512,8,3,4x4,2,20,2048,{}
random,44,98,random,28881832.62321684,6511346.114991731,2082115752.496916,78.10182102494106,,4.056319952011108,0,512x512,4,4,8x8,0,20,2048,{}
random,44,99,random,5095570.445711728,4448843.521209404,1390330993.5429137,219.72218327750815,,3.042098045349121,0,256x256,6,1,2x2,1,40,1024,{}
random,44,100,random,14370618.58254172,1698550.3279874078,1004164538.11784,8.718316719206628,,2.213921070098877,0,512x512,8,1,4x4,0,10,512,{}
random,44,101,random,21716629.826733053,4430253.917421347,1939657527.8569164,11.786001616941066,,3.310246706008911,0,512x512,8,3,8x8,0,80,2048,{}
random,44,102,random,25899703.219554037,5719747.506933869,2062210175.5369163,46.66270742494106,,3.636305093765259,0,512x512,7,2,8x8,0,80,1024,{}
random,44,103,random,25828856.600170534,5586894.207144911,2062454952.496916,49.402941024941065,,3.121093988418579,0,512x512,7,4,8x8,2,80,1024,{}
random,44,104,random,3592879.3687248724,446724.43596553215,832943199.7005515,10.112999718782488,,2.2552902698516846,1,512x512,8,4,2x2,1,80,2048,{}
random,44,105,random,6131464.00602961,1050973.7837000762,1005177951.7005513,61.716277686782476,,2.2283358573913574,0,512x512,6,4,2x2,2,10,1024,{}
random,44,106,random,21981926.484885767,4436627.3449631315,1939535139.3769164,10.415884816941066,,3.5796000957489014,0,512x512,8,1,8x8,2,40,2048,{}
random,44,107,random,25945023.27126379,5586894.207144911,2062454952.496916,49.402941024941065,,3.7478079795837402,0,512x512,7,4,8x8,2,40,512,{}
random,44,108,random,29334466.305638723,6511346.114991731,2082115752.496916,78.10182102494106,,3.5489888191223145,0,512x512,4,4,8x8,0,10,512,{}
random,44,109,random,42017057.3636092,16342836.205076309,1642674041.586589,251.6902651575972,,4.198897123336792,0,256x256,4,4,8x8,1,80,2048,{}
random,44,110,random,32145007.717125017,11148534.397241248,1509865337.586589,35.008845925597164,,4.275482177734375,0,256x256,8,4,8x8,0,80,2048,{}
random,44,111,random,16447522.573167186,3849696.154141408,1077683642.1178398,63.220881471206624,,2.3160459995269775,0,512x512,4,1,4x4,2,40,512,{}
random,44,112,random,46094482.43826271,17253071.6397539,1642445583.090589,247.58197395759717,,4.421827077865601,0,256x256,4,2,8x8,3,10,1024,{}
random,44,113,random,16823704.315013733,2856008.628690927,1213695508.22984,66.08759987120662,,2.2083120346069336,0,512x512,6,4,4x4,0,20,512,{}
random,44,114,random,14457988.184885476,1698550.3279874078,1004164538.11784,8.718316719206628,,2.2467997074127197,0,512x512,8,1,4x4,2,10,1024,{}
random,44,115,random,5301601.463010747,1084841.5460518848,884941383.1245514,36.10522648678249,,2.4364287853240967,0,512x512,7,1,2x2,3,20,512,{}
random,44,116,random,38861361.149618834,15160878.712540573,1624057426.674589,150.46973875759716,,3.0831432342529297,0,256x256,7,1,8x8,0,20,1024,{}
random,44,117,random,32466697.694664862,11148534.397241248,1509865337.586589,35.008845925597164,,3.504913330078125,0,256x256,8,4,8x8,3,80,1024,{}
random,44,118,random,42582823.76361034,16326480.400301907,1887954055.922589,248.95140435759717,,3.5415568351745605,0,256x256,6,3,8x8,1,20,2048,{}
random,44,119,random,44001566.547357835,17253071.6397539,1887877903.090589,247.58197395759717,,3.125243902206421,0,256x256,6,2,8x8,2,10,1024,{}
random,44,120,random,28741741.64260151,6853831.857660688,2081870975.5369163,75.36158742494106,,2.5975329875946045,0,512x512,4,2,8x8,0,40,2048,{}
random,44,121,random,17076454.685248125,5740412.947882585,1439827635.4036036,225.52706636034463,,2.2213382720947266,0,256x256,6,2,4x4,2,20,512,{}
random,44,122,random,4953014.043482394,2145356.7062805803,1390413095.8149137,221.58763127750822,,2.268709897994995,0,256x256,6,3,2x2,0,40,2048,{}
random,44,123,random,5101182.408373303,431721.2155879321,832873846.2285514,8.600673318782485,,2.3510851860046387,0,512x512,8,3,2x2,2,10,1024,{}
random,44,124,random,4216952.287900284,1679778.188230988,1200764760.9669135,133.09151927750816,,2.685213804244995,0,256x256,7,2,2x2,3,40,1024,{}
random,44,125,random,4531876.593492567,2145356.7062805803,1214008615.8149135,221.58763127750822,,2.8318519592285156,0,256x256,4,3,2x2,3,40,512,{}
random,44,126,random,4142435.96789644,1359668.67730058,1200819495.8149135,134.33515127750815,,2.3343260288238525,0,256x256,7,3,2x2,3,40,1024,{}
random,44,127,random,32511939.654387955,11134068.811163003,1509636879.090589,30.900554725597164,,2.9708149433135986,0,256x256,8,2,8x8,3,80,1024,{}
random,44,128,random,32607827.59629788,11143106.471518511,1509598802.674589,30.215839525597165,,3.084800958633423,0,256x256,8,1,8x8,3,80,2048,{}
random,44,129,random,12368329.367586903,2693906.9441276425,1152740818.1236033,26.90026133634462,,2.7496001720428467,0,256x256,8,1,4x4,3,40,2048,{}
random,44,130,random,29353079.505638726,6494229.481494131,2081952567.856916,76.27499862494106,,2.6902801990509033,0,512x512,4,3,8x8,3,20,512,{}
random,44,131,random,46042397.69815337,16342836.205076309,1888106361.586589,251.6902651575972,,3.2406270503997803,0,256x256,6,4,8x8,3,10,2048,{}
random,44,132,random,3491290.5986109884,716152.2491661077,1118470257.5429137,23.657914509508167,,2.8274550437927246,1,256x256,8,1,2x2,1,80,512,{}
random,44,133,random,4406825.653216638,2911707.225850988,1213953880.9669135,220.3439992775082,,2.4575459957122803,0,256x256,4,2,2x2,1,80,512,{}
random,44,134,random,16762966.725561144,2856008.628690927,1077831188.22984,66.08759987120662,,2.1257638931274414,0,512x512,4,4,4x4,3,40,2048,{}
random,44,135,random,18902285.84392022,2287825.113169227,1067588796.1658399,40.19475507120662,,2.3187479972839355,0,512x512,7,3,4x4,3,10,1024,{}
random,44,136,random,4320375.066539432,2145356.7062805803,1390413095.8149137,221.58763127750822,,3.0882720947265625,0,256x256,6,3,2x2,1,80,1024,{}
random,44,137,random,5454506.264182469,1920521.5611562848,893297223.1245514,59.06970648678248,,2.1855671405792236,0,512x512,4,1,2x2,2,20,1024,{}
random,44,138,random,12302551.927904595,1693418.1621167667,1004227772.16584,9.946910319206626,,2.358258008956909,0,512x512,8,3,4x4,2,40,2048,{}
random,44,139,random,29326739.317357473,6511346.114991731,2082115752.496916,78.10182102494106,,2.757607936859131,0,512x512,4,4,8x8,1,10,1024,{}
random,44,140,random,38069700.87044523,13994336.11682139,1624171655.9225888,152.52388435759715,,3.272768974304199,0,256x256,7,3,8x8,0,80,1024,{}
random,44,141,random,6538910.5735507645,713582.3728580761,884993398.2285513,37.23947128678249,,2.6527371406555176,0,512x512,7,3,2x2,0,10,2048,{}
random,44,142,random,8080043.043482402,2145356.7062805803,1214008615.8149135,221.58763127750822,,2.644620656967163,0,256x256,4,3,2x2,1,10,2048,{}
random,44,143,random,4514663.48298269,1050973.7837000762,1005177951.7005513,61.716277686782476,,2.0924899578094482,0,512x512,6,4,2x2,2,80,512,{}
random,44,144,random,18183398.54494482,3173273.222977087,1213569040.13384,63.63041267120662,,2.130070924758911,0,512x512,6,2,4x4,1,10,2048,{}
random,44,145,random,3961036.76789634,1359668.67730058,1200819495.8149135,134.33515127750815,,2.4972870349884033,0,256x256,7,3,2x2,2,40,1024,{}
random,44,146,random,4823148.586937437,1329213.4080361456,1005073921.4925513,59.44778808678249,,1.751739263534546,0,512x512,6,2,2x2,2,40,2048,{}
random,44,147,random,42682508.32107528,14381431.241073383,1624095503.090589,151.15445395759716,,3.2678940296173096,0,256x256,7,2,8x8,3,10,1024,{}
random,44,148,random,3924408.4688831177,721046.8869365482,1118661829.5109136,28.010626509508167,,2.3687827587127686,0,256x256,8,4,2x2,2,20,1024,{}
random,44,149,random,15819278.186070975,4946578.093523305,1440001019.0836034,229.3051367603446,,2.630692958831787,0,256x256,6,4,4x4,2,40,2048,{}
random,44,150,random,11722552.334899025,2699413.1621822165,1152943099.0836034,31.308010136344617,,2.7464962005615234,0,256x256,8,4,4x4,1,40,512,{}
random,44,151,random,13697377.36758664,2693906.9441276425,1152740818.1236033,26.90026133634462,,2.9590749740600586,0,256x256,8,1,4x4,3,20,2048,{}
random,44,152,random,46040361.32217681,16326480.400301907,1642521735.9225888,248.95140435759717,,3.407564878463745,0,256x256,4,3,8x8,3,10,1024,{}
random,44,153,random,18678132.42618049,4828817.613848307,1239606738.1236033,136.7847479603446,,2.6036288738250732,0,256x256,7,1,4x4,3,10,2048,{}
random,44,154,random,28753332.125023387,6853831.857660688,2081870975.5369163,75.36158742494106,,2.401343822479248,0,512x512,4,2,8x8,1,40,512,{}
random,44,155,random,38395560.00130569,13994336.11682139,1624171655.9225888,152.52388435759715,,2.9114959239959717,0,256x256,7,3,8x8,3,80,512,{}
random,44,156,random,38913220.80130552,14010691.921595788,1624323961.586589,155.26274515759715,,3.4906630516052246,0,256x256,7,4,8x8,3,40,512,{}
random,44,157,random,11554207.488414401,2684600.1489854166,1152827509.9636033,28.789296536344615,,2.5679280757904053,0,256x256,8,3,4x4,3,80,2048,{}
random,44,158,random,15825871.125524102,4946578.093523305,1253735419.0836034,229.3051367603446,,2.7551310062408447,0,256x256,4,4,4x4,2,40,512,{}
random,44,159,random,32358597.596297506,11143106.471518511,1509598802.674589,30.215839525597165,,3.1823339462280273,0,256x256,8,1,8x8,2,80,2048,{}
random,44,160,random,15814539.83255535,4931765.080326505,1439885429.9636033,226.78642316034464,,2.5940871238708496,0,256x256,6,3,4x4,2,40,1024,{}
random,44,161,random,39478453.86474053,14381431.241073383,1624095503.090589,151.15445395759716,,3.162492036819458,0,256x256,7,2,8x8,0,10,2048,{}
random,44,162,random,26155892.322776224,6025189.148559784,2062169379.376916,46.20600182494107,,2.3925411701202393,0,512x512,7,1,8x8,1,40,2048,{}
random,44,163,random,28803393.57551045,7578538.385046603,2344793379.3769155,74.90488182494107,,2.4465558528900146,0,512x512,6,1,8x8,2,80,1024,{}
random,44,164,random,15217393.043920463,2305871.6484396267,1067673108.2298399,41.83287987120663,,2.0209357738494873,0,512x512,7,4,4x4,3,40,1024,{}
random,44,165,random,4549830.3863514755,835727.9426917456,884958721.4925516,36.483308086782486,,2.048927068710327,0,512x512,7,2,2x2,3,40,1024,{}
random,44,166,random,42010121.3636092,16326480.400301907,1887954055.922589,248.95140435759717,,2.926776170730591,0,256x256,6,3,8x8,1,80,2048,{}
random,44,167,random,26013501.884007618,5719747.506933869,2062210175.5369163,46.66270742494106,,2.8870279788970947,0,512x512,7,2,8x8,3,80,2048,{}
random,44,168,random,25938420.200170036,5569777.573647311,2062291767.856916,47.57611862494107,,2.645644187927246,0,512x512,7,3,8x8,3,80,1024,{}
random,44,169,random,16272644.144945363,3173273.222977087,1077704720.13384,63.63041267120662,,2.3504748344421387,0,512x512,4,2,4x4,2,40,2048,{}
random,44,170,random,11607117.996966653,2686115.3054760257,1152769715.4036033,27.529939736344616,,2.6541638374328613,0,256x256,8,2,4x4,3,80,1024,{}
random,44,171,random,46044801.32217681,16342836.205076309,1642674041.586589,251.6902651575972,,2.830353260040283,0,256x256,4,4,8x8,3,10,1024,{}
random,44,172,random,15641615.894622672,2686115.3054760257,1152769715.4036033,27.529939736344616,,2.8325119018554688,0,256x256,8,2,4x4,2,10,512,{}
random,44,173,random,26009964.0195545,5719747.506933869,2062210175.5369163,46.66270742494106,,2.706753730773926,0,512x512,7,2,8x8,1,40,1024,{}
random,44,174,random,5641974.1153674275,1373467.2521997802,1200928965.5109136,136.82241527750816,,2.517443895339966,0,256x256,7,4,2x2,2,10,512,{}
random,44,175,random,5197851.967553017,1035970.5633224761,893349238.2285513,60.20395128678248,,2.0764501094818115,0,512x512,4,3,2x2,2,20,2048,{}
random,44,176,random,43353362.96360932,16342836.205076309,1888106361.586589,251.6902651575972,,3.483024835586548,0,256x256,6,4,8x8,0,10,2048,{}
random,44,177,random,12439496.586057642,1698550.3279874078,1004164538.11784,8.718316719206628,,2.2165231704711914,0,512x512,8,1,4x4,1,40,2048,{}
random,44,178,random,4249321.126962658,2911707.225850988,1390358360.9669135,220.3439992775082,,2.1047751903533936,0,256x256,6,2,2x2,3,80,1024,{}
random,44,179,random,34042773.29466395,11132178.592466848,1509713031.9225888,32.26998512559716,,2.909291982650757,0,256x256,8,3,8x8,2,10,1024,{}
random,44,180,random,40197529.480477266,15160878.712540573,1624057426.674589,150.46973875759716,,3.0606839656829834,0,256x256,7,1,8x8,2,10,512,{}
random,44,181,random,26152451.000170134,5569777.573647311,2062291767.856916,47.57611862494107,,2.5784668922424316,0,512x512,7,3,8x8,1,20,1024,{}
random,44,182,random,15964988.586070923,4931765.080326505,1253619829.9636033,226.78642316034464,,2.921612024307251,0,256x256,4,3,4x4,3,40,2048,{}
random,44,183,random,11713418.68841465,2684600.1489854166,1152827509.9636033,28.789296536344615,,2.584840774536133,0,256x256,8,3,4x4,1,40,2048,{}
random,44,184,random,14209471.885248188,2684600.1489854166,1152827509.9636033,28.789296536344615,,2.6333320140838623,0,256x256,8,3,4x4,1,10,512,{}
random,44,185,random,4446486.626263513,2911707.225850988,1390358360.9669135,220.3439992775082,,2.3750510215759277,0,256x256,6,2,2x2,0,80,1024,{}
random,44,186,random,4698028.706174801,1084841.5460518848,884941383.1245514,36.10522648678249,,2.088157892227173,0,512x512,7,1,2x2,3,40,2048,{}
random,44,187,random,3861630.998180052,707248.3120373482,1118552359.8149135,25.52336250950817,,2.449141025543213,0,256x256,8,3,2x2,1,40,512,{}
random,44,188,random,14216347.885248188,2699413.1621822165,1152943099.0836034,31.308010136344617,,2.4087789058685303,0,256x256,8,4,4x4,1,10,512,{}
random,44,189,random,6381916.741135626,1920521.5611562848,1005056583.1245512,59.06970648678248,,1.8962819576263428,0,512x512,6,1,2x2,2,10,512,{}
random,44,190,random,6381916.741135626,1920521.5611562848,893297223.1245514,59.06970648678248,,1.7672557830810547,0,512x512,4,1,2x2,2,10,512,{}
random,44,191,random,14396293.714154085,4148567.5853857454,1239635635.4036033,137.4144263603446,,2.779571294784546,0,256x256,7,2,4x4,2,40,1024,{}
random,44,192,random,14530495.216916984,2712279.8266901076,1067525562.1178398,38.966161471206625,,2.255521059036255,0,512x512,7,1,4x4,0,80,512,{}
random,44,193,random,4802543.366967064,728585.5932356762,885062751.7005514,38.75179768678249,,2.131185293197632,0,512x512,7,4,2x2,2,20,1024,{}
random,44,194,random,42330279.36361043,16326480.400301907,1642521735.9225888,248.95140435759717,,3.709920883178711,0,256x256,4,3,8x8,3,80,2048,{}
random,44,195,random,7636299.032103373,708737.872341068,1118497624.9669137,24.27973050950817,,2.4274017810821533,0,256x256,8,2,2x2,0,10,1024,{}
random,44,196,random,42589759.76361034,16342836.205076309,1642674041.586589,251.6902651575972,,3.5575051307678223,0,256x256,4,4,8x8,0,20,2048,{}
random,44,197,random,26178472.471263885,5586894.207144911,2062454952.496916,49.402941024941065,,2.801548957824707,0,512x512,7,4,8x8,3,40,512,{}
random,44,198,random,4167537.9339119485,2145356.7062805803,1214008615.8149135,221.58763127750822,,2.3796210289001465,0,256x256,4,3,2x2,3,80,512,{}
random,44,199,random,28927872.163791686,7578538.385046603,2081830179.376916,74.90488182494107,,2.2627577781677246,0,512x512,4,1,8x8,3,80,512,{}
random,44,200,random,3436174.85930254,708737.872341068,1118497624.9669137,24.27973050950817,,2.5439820289611816,0,256x256,8,2,2x2,0,80,512,{}
